-- MySQL dump 10.13  Distrib 8.0.30, for Win64 (x86_64)
--
-- Host: 10.1.1.17    Database: thesis
-- ------------------------------------------------------
-- Server version	5.5.5-10.4.12-MariaDB-1:10.4.12+maria~stretch

/*!40101 SET @OLD_CHARACTER_SET_CLIENT=@@CHARACTER_SET_CLIENT */;
/*!40101 SET @OLD_CHARACTER_SET_RESULTS=@@CHARACTER_SET_RESULTS */;
/*!40101 SET @OLD_COLLATION_CONNECTION=@@COLLATION_CONNECTION */;
/*!50503 SET NAMES utf8 */;
/*!40103 SET @OLD_TIME_ZONE=@@TIME_ZONE */;
/*!40103 SET TIME_ZONE='+00:00' */;
/*!40014 SET @OLD_UNIQUE_CHECKS=@@UNIQUE_CHECKS, UNIQUE_CHECKS=0 */;
/*!40014 SET @OLD_FOREIGN_KEY_CHECKS=@@FOREIGN_KEY_CHECKS, FOREIGN_KEY_CHECKS=0 */;
/*!40101 SET @OLD_SQL_MODE=@@SQL_MODE, SQL_MODE='NO_AUTO_VALUE_ON_ZERO' */;
/*!40111 SET @OLD_SQL_NOTES=@@SQL_NOTES, SQL_NOTES=0 */;

--
-- Table structure for table `failed_jobs`
--

DROP TABLE IF EXISTS `failed_jobs`;
/*!40101 SET @saved_cs_client     = @@character_set_client */;
/*!50503 SET character_set_client = utf8mb4 */;
CREATE TABLE `failed_jobs` (
  `id` bigint(20) unsigned NOT NULL,
  `uuid` varchar(255) COLLATE utf8_unicode_ci NOT NULL,
  `connection` text COLLATE utf8_unicode_ci NOT NULL,
  `queue` text COLLATE utf8_unicode_ci NOT NULL,
  `payload` longtext COLLATE utf8_unicode_ci NOT NULL,
  `exception` longtext COLLATE utf8_unicode_ci NOT NULL,
  `failed_at` timestamp NOT NULL DEFAULT current_timestamp(),
  PRIMARY KEY (`id`),
  UNIQUE KEY `failed_jobs_uuid_unique` (`uuid`)
) ENGINE=InnoDB DEFAULT CHARSET=utf8 COLLATE=utf8_unicode_ci;
/*!40101 SET character_set_client = @saved_cs_client */;

--
-- Dumping data for table `failed_jobs`
--

LOCK TABLES `failed_jobs` WRITE;
/*!40000 ALTER TABLE `failed_jobs` DISABLE KEYS */;
/*!40000 ALTER TABLE `failed_jobs` ENABLE KEYS */;
UNLOCK TABLES;

--
-- Table structure for table `migrations`
--

DROP TABLE IF EXISTS `migrations`;
/*!40101 SET @saved_cs_client     = @@character_set_client */;
/*!50503 SET character_set_client = utf8mb4 */;
CREATE TABLE `migrations` (
  `id` int(10) unsigned NOT NULL AUTO_INCREMENT,
  `migration` varchar(255) COLLATE utf8_unicode_ci NOT NULL,
  `batch` int(11) NOT NULL,
  PRIMARY KEY (`id`)
) ENGINE=InnoDB AUTO_INCREMENT=7 DEFAULT CHARSET=utf8 COLLATE=utf8_unicode_ci;
/*!40101 SET character_set_client = @saved_cs_client */;

--
-- Dumping data for table `migrations`
--

LOCK TABLES `migrations` WRITE;
/*!40000 ALTER TABLE `migrations` DISABLE KEYS */;
INSERT INTO `migrations` VALUES (1,'2014_10_12_000000_create_users_table',1),(2,'2014_10_12_100000_create_password_resets_table',1),(3,'2019_08_19_000000_create_failed_jobs_table',1),(4,'2020_10_09_135640_create_permission_tables',1),(5,'2021_08_26_113211_create_topics_table',1),(6,'2021_08_26_141924_create_user_register_topics_table',1);
/*!40000 ALTER TABLE `migrations` ENABLE KEYS */;
UNLOCK TABLES;

--
-- Table structure for table `model_has_permissions`
--

DROP TABLE IF EXISTS `model_has_permissions`;
/*!40101 SET @saved_cs_client     = @@character_set_client */;
/*!50503 SET character_set_client = utf8mb4 */;
CREATE TABLE `model_has_permissions` (
  `permission_id` bigint(20) unsigned NOT NULL,
  `model_type` varchar(255) COLLATE utf8_unicode_ci NOT NULL,
  `model_id` bigint(20) unsigned NOT NULL,
  PRIMARY KEY (`permission_id`,`model_id`,`model_type`),
  KEY `model_has_permissions_model_id_model_type_index` (`model_id`,`model_type`),
  CONSTRAINT `model_has_permissions_permission_id_foreign` FOREIGN KEY (`permission_id`) REFERENCES `permissions` (`id`) ON DELETE CASCADE
) ENGINE=InnoDB DEFAULT CHARSET=utf8 COLLATE=utf8_unicode_ci;
/*!40101 SET character_set_client = @saved_cs_client */;

--
-- Dumping data for table `model_has_permissions`
--

LOCK TABLES `model_has_permissions` WRITE;
/*!40000 ALTER TABLE `model_has_permissions` DISABLE KEYS */;
/*!40000 ALTER TABLE `model_has_permissions` ENABLE KEYS */;
UNLOCK TABLES;

--
-- Table structure for table `model_has_roles`
--

DROP TABLE IF EXISTS `model_has_roles`;
/*!40101 SET @saved_cs_client     = @@character_set_client */;
/*!50503 SET character_set_client = utf8mb4 */;
CREATE TABLE `model_has_roles` (
  `role_id` bigint(20) unsigned NOT NULL,
  `model_type` varchar(255) COLLATE utf8_unicode_ci NOT NULL,
  `model_id` bigint(20) unsigned NOT NULL,
  PRIMARY KEY (`role_id`,`model_id`,`model_type`),
  KEY `model_has_roles_model_id_model_type_index` (`model_id`,`model_type`),
  CONSTRAINT `model_has_roles_role_id_foreign` FOREIGN KEY (`role_id`) REFERENCES `roles` (`id`) ON DELETE CASCADE
) ENGINE=InnoDB DEFAULT CHARSET=utf8 COLLATE=utf8_unicode_ci;
/*!40101 SET character_set_client = @saved_cs_client */;

--
-- Dumping data for table `model_has_roles`
--

LOCK TABLES `model_has_roles` WRITE;
/*!40000 ALTER TABLE `model_has_roles` DISABLE KEYS */;
INSERT INTO `model_has_roles` VALUES (1,'App\\Models\\User',1),(2,'App\\Models\\User',2),(3,'App\\Models\\User',3),(4,'App\\Models\\User',108),(4,'App\\Models\\User',109),(4,'App\\Models\\User',110),(4,'App\\Models\\User',111),(4,'App\\Models\\User',112),(4,'App\\Models\\User',113),(4,'App\\Models\\User',114),(4,'App\\Models\\User',115),(4,'App\\Models\\User',116),(4,'App\\Models\\User',117),(4,'App\\Models\\User',118),(4,'App\\Models\\User',119),(4,'App\\Models\\User',120),(4,'App\\Models\\User',121),(4,'App\\Models\\User',122),(4,'App\\Models\\User',123),(4,'App\\Models\\User',159),(5,'App\\Models\\User',128),(5,'App\\Models\\User',129),(5,'App\\Models\\User',130),(5,'App\\Models\\User',131),(5,'App\\Models\\User',132),(5,'App\\Models\\User',133),(5,'App\\Models\\User',134),(5,'App\\Models\\User',135),(5,'App\\Models\\User',136),(5,'App\\Models\\User',137),(5,'App\\Models\\User',138),(5,'App\\Models\\User',139),(5,'App\\Models\\User',140),(5,'App\\Models\\User',141),(5,'App\\Models\\User',142),(5,'App\\Models\\User',143),(5,'App\\Models\\User',144),(5,'App\\Models\\User',145),(5,'App\\Models\\User',146),(5,'App\\Models\\User',147),(5,'App\\Models\\User',148),(5,'App\\Models\\User',149),(5,'App\\Models\\User',150),(5,'App\\Models\\User',151),(5,'App\\Models\\User',152),(5,'App\\Models\\User',153),(5,'App\\Models\\User',154),(5,'App\\Models\\User',155),(5,'App\\Models\\User',156),(5,'App\\Models\\User',157),(5,'App\\Models\\User',158),(5,'App\\Models\\User',160),(5,'App\\Models\\User',161),(5,'App\\Models\\User',162),(5,'App\\Models\\User',163),(5,'App\\Models\\User',164),(5,'App\\Models\\User',165),(5,'App\\Models\\User',166),(5,'App\\Models\\User',167),(5,'App\\Models\\User',168),(5,'App\\Models\\User',169),(5,'App\\Models\\User',170),(5,'App\\Models\\User',171),(5,'App\\Models\\User',172),(5,'App\\Models\\User',173),(5,'App\\Models\\User',174),(5,'App\\Models\\User',175),(5,'App\\Models\\User',176),(5,'App\\Models\\User',177),(5,'App\\Models\\User',178),(5,'App\\Models\\User',179),(5,'App\\Models\\User',180),(5,'App\\Models\\User',181),(5,'App\\Models\\User',182),(5,'App\\Models\\User',183),(5,'App\\Models\\User',184),(5,'App\\Models\\User',185),(5,'App\\Models\\User',186),(5,'App\\Models\\User',187),(5,'App\\Models\\User',188),(5,'App\\Models\\User',189),(5,'App\\Models\\User',190),(5,'App\\Models\\User',191),(5,'App\\Models\\User',192),(5,'App\\Models\\User',193),(5,'App\\Models\\User',194),(5,'App\\Models\\User',195),(5,'App\\Models\\User',196),(5,'App\\Models\\User',197),(5,'App\\Models\\User',198),(5,'App\\Models\\User',199),(5,'App\\Models\\User',200),(5,'App\\Models\\User',201),(5,'App\\Models\\User',202),(5,'App\\Models\\User',203),(5,'App\\Models\\User',204),(5,'App\\Models\\User',205),(5,'App\\Models\\User',206),(5,'App\\Models\\User',207);
/*!40000 ALTER TABLE `model_has_roles` ENABLE KEYS */;
UNLOCK TABLES;

--
-- Table structure for table `password_resets`
--

DROP TABLE IF EXISTS `password_resets`;
/*!40101 SET @saved_cs_client     = @@character_set_client */;
/*!50503 SET character_set_client = utf8mb4 */;
CREATE TABLE `password_resets` (
  `email` varchar(255) COLLATE utf8_unicode_ci NOT NULL,
  `token` varchar(255) COLLATE utf8_unicode_ci NOT NULL,
  `created_at` timestamp NULL DEFAULT NULL,
  KEY `password_resets_email_index` (`email`)
) ENGINE=InnoDB DEFAULT CHARSET=utf8 COLLATE=utf8_unicode_ci;
/*!40101 SET character_set_client = @saved_cs_client */;

--
-- Dumping data for table `password_resets`
--

LOCK TABLES `password_resets` WRITE;
/*!40000 ALTER TABLE `password_resets` DISABLE KEYS */;
/*!40000 ALTER TABLE `password_resets` ENABLE KEYS */;
UNLOCK TABLES;

--
-- Table structure for table `permissions`
--

DROP TABLE IF EXISTS `permissions`;
/*!40101 SET @saved_cs_client     = @@character_set_client */;
/*!50503 SET character_set_client = utf8mb4 */;
CREATE TABLE `permissions` (
  `id` bigint(20) unsigned NOT NULL AUTO_INCREMENT,
  `name` varchar(255) COLLATE utf8_unicode_ci NOT NULL,
  `guard_name` varchar(255) COLLATE utf8_unicode_ci NOT NULL,
  `created_at` timestamp NULL DEFAULT current_timestamp(),
  `updated_at` timestamp NULL DEFAULT current_timestamp(),
  PRIMARY KEY (`id`)
) ENGINE=InnoDB AUTO_INCREMENT=16 DEFAULT CHARSET=utf8 COLLATE=utf8_unicode_ci;
/*!40101 SET character_set_client = @saved_cs_client */;

--
-- Dumping data for table `permissions`
--

LOCK TABLES `permissions` WRITE;
/*!40000 ALTER TABLE `permissions` DISABLE KEYS */;
INSERT INTO `permissions` VALUES (1,'user-list','web','2021-01-16 03:12:38','2021-01-16 03:12:38'),(2,'user-create','web','2021-01-16 03:12:38','2021-01-16 03:12:38'),(3,'user-edit','web','2021-01-16 03:12:38','2021-01-16 03:12:38'),(4,'user-delete','web','2021-01-16 03:12:38','2021-01-16 03:12:38'),(5,'role-list','web','2021-01-16 03:12:38','2021-01-16 03:12:38'),(6,'role-create','web','2021-01-16 03:12:38','2021-01-16 03:12:38'),(7,'role-edit','web','2021-01-16 03:12:38','2021-01-16 03:12:38'),(8,'role-delete','web','2021-01-16 03:12:38','2021-01-16 03:12:38'),(9,'topic-register','web','2021-01-16 03:12:38','2021-01-16 03:12:38'),(10,'topic-list','web','2021-01-16 03:12:38','2021-01-16 03:12:38'),(11,'topic-create','web','2021-01-16 03:12:38','2021-01-16 03:12:38'),(12,'topic-edit','web','2021-01-16 03:12:38','2021-01-16 03:12:38'),(13,'topic-delete','web','2021-01-16 03:12:38','2021-01-16 03:12:38'),(14,'topic-report','web','2021-01-16 03:12:38','2021-01-16 03:12:38'),(15,'instructor-topic-list','web','2021-09-21 07:20:39','2021-09-21 07:20:39');
/*!40000 ALTER TABLE `permissions` ENABLE KEYS */;
UNLOCK TABLES;

--
-- Table structure for table `role_has_permissions`
--

DROP TABLE IF EXISTS `role_has_permissions`;
/*!40101 SET @saved_cs_client     = @@character_set_client */;
/*!50503 SET character_set_client = utf8mb4 */;
CREATE TABLE `role_has_permissions` (
  `permission_id` bigint(20) unsigned NOT NULL,
  `role_id` bigint(20) unsigned NOT NULL,
  PRIMARY KEY (`permission_id`,`role_id`),
  KEY `role_has_permissions_role_id_foreign` (`role_id`),
  CONSTRAINT `role_has_permissions_permission_id_foreign` FOREIGN KEY (`permission_id`) REFERENCES `permissions` (`id`) ON DELETE CASCADE,
  CONSTRAINT `role_has_permissions_role_id_foreign` FOREIGN KEY (`role_id`) REFERENCES `roles` (`id`) ON DELETE CASCADE
) ENGINE=InnoDB DEFAULT CHARSET=utf8 COLLATE=utf8_unicode_ci;
/*!40101 SET character_set_client = @saved_cs_client */;

--
-- Dumping data for table `role_has_permissions`
--

LOCK TABLES `role_has_permissions` WRITE;
/*!40000 ALTER TABLE `role_has_permissions` DISABLE KEYS */;
INSERT INTO `role_has_permissions` VALUES (1,1),(2,1),(3,1),(4,1),(5,1),(6,1),(7,1),(8,1),(9,1),(9,5),(10,1),(11,1),(12,1),(13,1),(15,4);
/*!40000 ALTER TABLE `role_has_permissions` ENABLE KEYS */;
UNLOCK TABLES;

--
-- Table structure for table `roles`
--

DROP TABLE IF EXISTS `roles`;
/*!40101 SET @saved_cs_client     = @@character_set_client */;
/*!50503 SET character_set_client = utf8mb4 */;
CREATE TABLE `roles` (
  `id` bigint(20) unsigned NOT NULL AUTO_INCREMENT,
  `name` varchar(255) COLLATE utf8_unicode_ci NOT NULL,
  `guard_name` varchar(255) COLLATE utf8_unicode_ci NOT NULL,
  `created_at` timestamp NULL DEFAULT NULL,
  `updated_at` timestamp NULL DEFAULT NULL,
  PRIMARY KEY (`id`)
) ENGINE=InnoDB AUTO_INCREMENT=9 DEFAULT CHARSET=utf8 COLLATE=utf8_unicode_ci;
/*!40101 SET character_set_client = @saved_cs_client */;

--
-- Dumping data for table `roles`
--

LOCK TABLES `roles` WRITE;
/*!40000 ALTER TABLE `roles` DISABLE KEYS */;
INSERT INTO `roles` VALUES (1,'Quản trị viên','web','2021-01-16 03:12:42','2021-01-16 03:12:42'),(2,'Giáo vụ','web','2021-01-16 03:12:42','2021-01-16 03:12:42'),(3,'BCN Khoa','web','2021-01-16 03:12:46','2021-01-16 03:12:46'),(4,'Giảng viên','web','2021-01-16 03:13:54','2021-01-16 03:13:54'),(5,'Sinh viên','web','2021-02-04 20:42:55','2021-02-04 20:44:47'),(6,'Chuyên viên Sở (Mở rộng)','web','2021-02-05 02:20:45','2021-02-05 02:20:45'),(7,'Nhập điểm','web','2021-03-10 10:35:04','2021-03-10 10:35:04'),(8,'Sửa đề tài','web','2021-03-10 10:36:00','2021-03-10 10:36:00');
/*!40000 ALTER TABLE `roles` ENABLE KEYS */;
UNLOCK TABLES;

--
-- Table structure for table `time_configs`
--

DROP TABLE IF EXISTS `time_configs`;
/*!40101 SET @saved_cs_client     = @@character_set_client */;
/*!50503 SET character_set_client = utf8mb4 */;
CREATE TABLE `time_configs` (
  `id` int(10) unsigned NOT NULL AUTO_INCREMENT,
  `name` text COLLATE utf8mb4_vietnamese_ci NOT NULL,
  `start_date` timestamp(6) NULL DEFAULT current_timestamp(6),
  `end_date` timestamp(6) NULL DEFAULT current_timestamp(6),
  PRIMARY KEY (`id`)
) ENGINE=InnoDB AUTO_INCREMENT=2 DEFAULT CHARSET=utf8mb4 COLLATE=utf8mb4_vietnamese_ci;
/*!40101 SET character_set_client = @saved_cs_client */;

--
-- Dumping data for table `time_configs`
--

LOCK TABLES `time_configs` WRITE;
/*!40000 ALTER TABLE `time_configs` DISABLE KEYS */;
INSERT INTO `time_configs` VALUES (1,'topic_register','2023-09-06 05:00:00.000000','2023-10-30 05:00:00.000000');
/*!40000 ALTER TABLE `time_configs` ENABLE KEYS */;
UNLOCK TABLES;

--
-- Table structure for table `topics`
--

DROP TABLE IF EXISTS `topics`;
/*!40101 SET @saved_cs_client     = @@character_set_client */;
/*!50503 SET character_set_client = utf8mb4 */;
CREATE TABLE `topics` (
  `id` bigint(20) unsigned NOT NULL AUTO_INCREMENT,
  `created_at` timestamp NULL DEFAULT current_timestamp(),
  `updated_at` timestamp NULL DEFAULT current_timestamp(),
  `name` varchar(255) COLLATE utf8_unicode_ci NOT NULL,
  `description` varchar(1000) COLLATE utf8_unicode_ci DEFAULT NULL,
  `department` varchar(255) COLLATE utf8_unicode_ci DEFAULT NULL,
  `number_student` int(11) NOT NULL DEFAULT 1,
  `required` varchar(1000) COLLATE utf8_unicode_ci DEFAULT NULL,
  `note` varchar(255) COLLATE utf8_unicode_ci DEFAULT NULL,
  `user_id` bigint(20) unsigned NOT NULL,
  `subinstructor_id` bigint(20) unsigned DEFAULT NULL,
  `student_id` bigint(32) unsigned DEFAULT NULL,
  `status` int(11) NOT NULL DEFAULT 1,
  `academic_year` varchar(255) CHARACTER SET utf8mb4 COLLATE utf8mb4_unicode_ci NOT NULL,
  PRIMARY KEY (`id`),
  KEY `instructor_topic` (`user_id`),
  CONSTRAINT `instructor_topic` FOREIGN KEY (`user_id`) REFERENCES `users` (`id`)
) ENGINE=InnoDB AUTO_INCREMENT=180 DEFAULT CHARSET=utf8 COLLATE=utf8_unicode_ci;
/*!40101 SET character_set_client = @saved_cs_client */;

--
-- Dumping data for table `topics`
--

LOCK TABLES `topics` WRITE;
/*!40000 ALTER TABLE `topics` DISABLE KEYS */;
INSERT INTO `topics` VALUES (36,'2021-08-26 08:38:12','2021-09-14 14:15:10','Hoàn thiện hệ thống đánh giá kết quả rèn luyện',NULL,'CNPM',1,'-	Có khả năng đọc hiểu tài liệu phân tích và thiết kế hệ thống\r\n-	Thành thạo ít nhất 1 framework, laravel là một lợi thế \r\n-	Có khả năng làm việc dưới áp lực cao\r\n-	Cam kết làm việc và báo cáo tiến độ đều đặn theo lịch trình của giảng viên hướng dẫn',NULL,108,0,0,0,'K68'),(37,'2021-08-26 08:38:12','2021-09-14 14:14:30','Phát triển ứng dụng tự học từ vựng tiếng Anh trên điện thoại thông minh',NULL,'CNPM',1,'Yêu cầu:\r\n-	Có khả năng PTTK hệ thống\r\n-	Thành thạo lập trình ứng dụng trên di động\r\n-	Tiếng Anh khá\r\n-	Cam kết làm việc và báo cáo tiến độ đều đặn theo lịch trình của giảng viên hướng dẫn',NULL,108,0,0,0,'K68'),(38,'2021-08-26 08:38:12','2021-08-26 08:38:12','Nhận dạng cảm xúc tự động dựa trên ảnh khuôn  mặt',NULL,'CNPM',1,'','Đã có SV',109,0,0,0,'K68'),(39,'2021-08-26 08:38:12','2021-08-26 08:38:12','Theo vết đối tượng trong video',NULL,'CNPM',1,'','Đã có SV',109,0,0,0,'K68'),(40,'2021-08-26 08:38:12','2021-09-02 09:14:41','Xây dựng và phát triển hệ thống quản lý và bảo vệ khóa luận cho sinh viên Khoa CNTT.',NULL,'CNPM',1,'-Hiểu và có thể lập trình tốt PHP hoặc Java\r\n-Hiểu và thao tác được CSDL MySQL hoặc SQL Server\r\n-Chăm chỉ, ham học hỏi.','Đề tài cấp thiết',109,0,0,1,'K68'),(41,'2021-08-26 08:38:12','2021-08-26 08:38:12','Ứng dụng machine learning để giải mã hình ảnh captcha tự động',NULL,'CNPM',1,'','Đã có SV',109,0,0,0,'K68'),(42,'2021-08-26 08:38:12','2021-08-26 08:38:12','Ứng dụng QR code trong quản lý bán hàng',NULL,'CNPM',1,'-Code PHP framework laravel\n-Code build các template = Vuejs\n-Sử dụng jquery và bootstrap','',110,0,0,0,'K68'),(43,'2021-08-26 08:38:12','2021-09-10 04:33:30','Kiểm thử tự động với Robot framework',NULL,'CNPM',1,'-Code PHP framework laravel\r\n-Code build các template với Vuejs\r\n-Sử dụng jquery và bootstrap\r\n-Sử dụng được javascript ES6, ES7, biết cách module hóa các thư viện tracking\r\n-Sử dụng javascript cài đặt được các trigger áp dụng các behaviour event người dùng.',NULL,110,0,0,0,'K68'),(44,'2021-08-26 08:38:12','2021-08-26 08:38:12','A/B Testing cho các Heatmap website ',NULL,'CNPM',1,'-Sử dụng được javascript ES6, ES7, biết cách module hóa các thư viện tracking\n-Sử dụng javascript cài đặt được các trigger áp dụng các behaviour event người dùng\n-Sử dụng javascript highchart vẽ các biểu đồ thống kê\n-Thành thạo Mysql','',110,0,0,0,'K68'),(45,'2021-08-26 08:38:12','2021-08-26 08:38:12','Nghiên cứu phương pháp phân rã ma trận cho bài toán giảm chiều dữ liệu',NULL,'CNPM',1,'Sinh viên chăm chỉ, có khả năng đọc tài liệu tiếng Anh, có kiến thức Toán tốt, có khả năng lập trình C/C++/Python','',111,0,0,1,'K68'),(46,'2021-08-26 08:38:12','2021-08-26 08:38:12','Nghiên cứu các phương pháp nhúng đồ thị (graph embedding), ứng dụng trong khai phá dữ liệu y-sinh',NULL,'CNPM',1,'Sinh viên chăm chỉ, có khả năng đọc tài liệu tiếng Anh, có kiến thức Toán tốt, có khả năng lập trình C/C++/Python','',111,0,0,1,'K68'),(47,'2021-08-26 08:38:12','2021-08-26 08:38:12','Xây dựng ứng dụng mobile đọc ảnh phiếu trả lời trắc nghiệm',NULL,'HTTT',1,'','',112,0,0,0,'K68'),(48,'2021-08-26 08:38:12','2021-08-26 08:38:12','Xây dựng phần mềm hỗ trợ giáo viên sinh đề tự động từ ma trận đề và ngân hàng câu hỏi',NULL,'HTTT',1,'','',112,0,0,0,'K68'),(49,'2021-08-26 08:38:12','2021-08-26 08:38:12','Xây dựng phần mềm đề thi thông minh giúp giáo viên tổ chức thi trực tuyến',NULL,'HTTT',1,'','',112,0,0,0,'K68'),(50,'2021-08-26 08:38:12','2021-08-26 08:38:12','Thiết kế chuyên đề ứng dụng Tin học lớp 11 trong Chương trình GDPT môn Tin học 2018',NULL,'HTTT',1,'','',113,0,0,1,'K68'),(51,'2021-08-26 08:38:12','2021-09-13 13:27:09','Xây dựng hệ thống quản lý chuỗi cửa hàng chăm sóc thú cưng',NULL,'HTTT',1,NULL,NULL,114,0,0,0,'K68'),(52,'2021-08-26 08:38:12','2021-09-13 13:25:57','Xây dựng hệ thống WebSale cho các nhà phân phối',NULL,'HTTT',1,NULL,NULL,114,115,0,0,'K68'),(53,'2021-08-26 08:38:12','2021-08-26 08:38:12','Trích rút tóm tắt bằng ngôn ngữ từ cơ sở dữ liệu số',NULL,'KHMT',1,'Yêu cầu: SV đọc hiểu được tài liệu tiếng Anh, cài đặt được thuật toán.','',116,0,0,1,'K68'),(54,'2021-08-26 08:38:12','2021-08-26 08:38:12','Trích rút tóm tắt bằng ngôn ngữ từ dữ liệu chuỗi thời gian',NULL,'KHMT',1,'Yêu cầu: SV đọc hiểu được tài liệu tiếng Anh, cài đặt được thuật toán.','',116,0,0,1,'K68'),(55,'2021-08-26 08:38:12','2021-09-10 04:36:37','Một số bài toán tối ưu trong thực tiễn',NULL,'KHMT',1,NULL,NULL,117,0,0,1,'K68'),(56,'2021-08-26 08:38:12','2021-08-26 08:38:12','Một số bài toán phân tích dữ liệu trong giáo dục',NULL,'KHMT',1,'','',117,0,0,1,'K68'),(57,'2021-08-26 08:38:12','2021-08-26 08:38:12','Bộ công cụ giám sát và phân tích mạng',NULL,'KTMT',1,'Yêu cầu sinh viên am hiểu về hệ thống mạng. bảo mật và có khả năng tự nghiên cứu','',118,0,0,1,'K68'),(58,'2021-08-26 08:38:12','2021-08-26 08:38:12','Tìm hiểu các phần mềm giả lập thiết bị mạng',NULL,'KTMT',1,'Yêu cầu sinh viên am hiểu về hệ thống mạng  và có khả năng tự nghiên cứu','',118,0,0,1,'K68'),(59,'2021-08-26 08:38:12','2021-08-26 08:38:12','Quản trị mạng với Windows server 2016',NULL,'KTMT',1,'Yêu cầu sinh viên am hiểu về hệ thống mạng  và có khả năng tự nghiên cứu','',118,0,0,1,'K68'),(60,'2021-08-26 08:38:12','2021-08-26 08:38:12','Bài toán lập lịch luồng công việc trong Cloud Computing',NULL,'KTMT',1,'Sinh viên cần có khả năng lập trình Java hoặc C#. Có khả năng về thuật toán, đọc tài liệu tiếng Anh','',119,0,0,1,'K68'),(61,'2021-08-26 08:38:12','2021-08-26 08:38:12','Bài toán MS-RCPSP',NULL,'KTMT',1,'Sinh viên cần có khả năng lập trình Java hoặc C#. Có khả năng về thuật toán, đọc tài liệu tiếng Anh','',119,0,0,1,'K68'),(62,'2021-08-26 08:38:12','2021-09-13 13:42:25','Xây dựng website học vui cùng môn Toán',NULL,'KTMT',1,'Có khả năng sử dụng ngôn ngữ lập trình cơ bản, đồng thời có khả năng tìm hiểu và sử dụng các thư viện hỗ trợ trong lập trình web',NULL,120,0,0,0,'K68'),(63,'2021-08-26 08:38:12','2021-09-13 13:42:32','Xây dựng website SimpleCode  - Tạm biệt nỗi sợ lập trình',NULL,'KTMT',1,'Sử dụng PHP & MySql',NULL,120,0,0,1,'K68'),(64,'2021-08-26 08:38:12','2021-08-26 08:38:12','Vận dụng “học tập dựa trên trò chơi” hỗ trợ đánh giá kết quả học tập của học sinh trong dạy học chương Cấu trúc rẽ nhánh và lặp',NULL,'PPGD',1,'','',121,0,0,1,'K68'),(65,'2021-08-26 08:38:12','2021-08-26 08:38:12','Phát triển năng lực tự học cho học sinh thông qua thiết kế học liệu tự học có hướng dẫn trong dạy học chủ đề D – Đạo đức, pháp luật và văn hoá trong môi trường số ở trường Trung học phổ thông',NULL,'PPGD',1,'','',122,0,0,0,'K68'),(66,'2021-08-26 08:38:12','2021-08-26 08:38:12','Phát triển năng lực tự học cho học sinh thông qua thiết kế học liệu tự học có hướng dẫn trong dạy học chủ đề E – Ứng dụng Tin học ở trường Trung học phổ thông',NULL,'PPGD',1,'','',122,0,0,1,'K68'),(67,'2021-08-26 08:38:12','2021-08-26 08:38:12','Tích cực hóa hoạt động của học sinh thông qua thiết kế các hoạt động học dưới dạng trò chơi (game-based learning) trong dạy học chủ đề E- Ứng dụng Tin học ở trường Trung học phổ thông',NULL,'PPGD',1,'','',122,0,0,1,'K68'),(68,'2021-08-26 08:38:13','2021-08-26 08:38:13','Một số biện pháp tổ chức dạy học chủ đề “Phần mềm thiết kế đồ họa” ở lớp 10, trung học phổ thông',NULL,'PPGD',1,'','',123,0,0,0,'K68'),(69,'2021-08-26 08:38:13','2021-08-26 08:38:13','Một đề xuất triển khai nội dung dạy học chuyên đề “Chỉnh sửa ảnh” ở lớp 11, trung học phổ thông',NULL,'PPGD',1,'','',123,0,0,1,'K68'),(70,'2021-08-26 08:38:13','2021-08-26 08:38:13','Thực hiện kiểm tra, đánh giá thường xuyên như một hoạt động học khi dạy học chủ đề “Lập trình cơ bản” ở lớp 10, trung học phổ thông',NULL,'PPGD',1,'','',123,0,0,0,'K68'),(72,'2021-09-10 04:25:36','2021-09-10 04:25:36','Xây dựng phần mềm hóa đơn điện tử',NULL,'HTTT',1,NULL,NULL,114,NULL,NULL,0,'K68'),(73,'2021-09-10 04:25:59','2021-09-13 13:28:38','Xây dựng kho dữ liệu phục vụ quản trị doanh nghiệp',NULL,'HTTT',1,NULL,NULL,114,NULL,NULL,0,'K68'),(74,'2021-09-10 04:41:20','2021-09-10 04:41:20','Phân tích dữ liệu để giải quyết bài toán khách hàng rời mạng',NULL,'KHMT',1,NULL,NULL,159,NULL,NULL,1,'K68'),(75,'2021-09-10 04:41:45','2021-09-10 04:41:45','Phân tích dữ liệu đánh giá hiệu quả học tập của sinh viên ngành CNTT',NULL,'KHMT',1,NULL,NULL,159,NULL,NULL,1,'K68'),(76,'2021-09-21 03:27:53','2021-09-21 03:27:53','Tìm hiểu thuật toán Suport Vector Machine',NULL,'KTMT',1,'- Yêu cầu sinh viên có kiến thức cơ bản về xử lý ảnh và có khả năng sử dụng ngôn ngữ lập trình ở mức cơ bản. Đồng thời có khả năng tìm hiểu và sử dụng các thư viện trong xử lý ảnh.',NULL,120,NULL,NULL,0,'K68'),(77,'2022-08-03 10:24:47','2022-08-03 10:24:47','Chấm thi Tin Đại Cương – MS Word tự động','Việc chấm các bài tập TinĐC, cụ thể là các bài soạn thảo văn bản Word, thường được thực hiện thủ công dựa trên việc so sánh các tiêu chí của bài thi với đáp án. Hệ thống sẽ tự động đọc nội dung 2 file word để so sánh các tiêu chí và đưa ra điểm','CNPM',1,'Có khả năng phân tích thiết kế hệ thống (Điểm PTTK HTTT từ B trở lên)\nThành thạo ít nhất một ngôn ngữ lập trình Web PHP, Java, Python…\nCó khả năng làm việc dưới áp lực cao\nCam kết làm việc và báo cáo tiến độ đều đặn theo lịch trình của giảng viên hướng dẫn\nCam kết viết bài Hội nghị SV NCKH','',109,0,NULL,0,'K69'),(78,'2022-08-03 10:24:47','2022-08-03 10:24:47','Phát triển hệ thống quản lý và bảo vệ KLTN khoa CNTT','Cho phép sinh viên đăng kí khóa luận, cập nhật khóa luận trên hệ thống. Cán bộ HD, phản biện sẽ đánh giá khóa luận trên hệ thống.','CNPM',1,'Có khả năng phân tích thiết kế hệ thống (Điểm PTTK HTTT từ B trở lên)\nThành thạo ít nhất một ngôn ngữ lập trình Web PHP, Java, Python…\nCó khả năng làm việc dưới áp lực cao\nCam kết làm việc và báo cáo tiến độ đều đặn theo lịch trình của giảng viên hướng dẫn\nCam kết viết bài Hội nghị SV NCKH','',109,0,NULL,0,'K69'),(79,'2022-08-03 10:24:47','2022-08-03 10:24:47','Hệ thống kiểm tra sao chép code','Hệ thống cho phép kiểm tra so khớp các bài code nhằm phát hiện mức độ giống nhau giữa hai bài code để xác định sự sao chép. ','CNPM',1,'Có khả năng phân tích thiết kế hệ thống (Điểm PTTK HTTT từ B trở lên)\nThành thạo ít nhất một ngôn ngữ lập trình Web PHP, Java, Python…\nCó khả năng làm việc dưới áp lực cao\nCam kết làm việc và báo cáo tiến độ đều đặn theo lịch trình của giảng viên hướng dẫn\nCam kết viết bài Hội nghị SV NCKH','',109,0,NULL,1,'K69'),(80,'2022-08-03 10:24:47','2022-08-03 10:24:47','Nhận diện biển báo giao thông','Giải pháp cho phép nhận diện các biển báo giao thông nhằm cảnh bảo cho người lái xe hoặc cung cấp thông tin chi tiết về biển báo ','CNPM',1,'Có khả năng nghiên cứu, đọc tài liệu tiếng Anh.\nThành thạo ít nhất một ngôn ngữ lập trình: C++, C#, Python, …\nĐã học môn xử lý ảnh là 1 lợi thế.\nCó khả năng làm việc dưới áp lực cao\nCam kết làm việc và báo cáo tiến độ đều đặn theo lịch trình của giảng viên hướng dẫn\nCam kết viết bài Hội nghị SV NCKH\n','',109,0,NULL,0,'K69'),(81,'2022-08-03 10:24:47','2022-08-03 10:24:47','Nhận dạng và trích xuất thông tin từ thẻ sinh viên của trường ĐH Sư phạm Hà Nội','Đề tài này tập trung vào việc nhận dạng và trích xuất dữ liệu tự động từ thẻ sinh viên trong trường dựa trên các kỹ thuật nhận dạng trong xử lý ảnh.','CNPM',1,'Có khả năng nghiên cứu, đọc tài liệu tiếng Anh.\nThành thạo ít nhất một ngôn ngữ lập trình: C++, C#, Python, …\nĐã học môn xử lý ảnh là 1 lợi thế.\nCó khả năng làm việc dưới áp lực cao\nCam kết làm việc và báo cáo tiến độ đều đặn theo lịch trình của giảng viên hướng dẫn\nCam kết viết bài Hội nghị SV NCKH\n','',109,0,NULL,0,'K69'),(82,'2022-08-03 10:24:47','2022-08-03 10:24:47','Xây dựng hệ thống cung cấp khóa học trực tuyến','Xây dựng hệ thống cung cấp khóa học trực tuyến','CNPM',2,'Có khả năng nghiên cứu, đọc tài liệu tiếng Anh.\nThành thạo ít nhất một ngôn ngữ lập trình: C++, C#, Python, …\nĐã học môn xử lý ảnh là 1 lợi thế.\nCó khả năng làm việc dưới áp lực cao\nCam kết làm việc và báo cáo tiến độ đều đặn theo lịch trình của giảng viên hướng dẫn\nCam kết viết bài Hội nghị SV NCKH','',108,0,NULL,1,'K69'),(83,'2022-08-03 10:24:47','2022-08-03 10:24:47','Xây dựng ứng dụng điểm danh bằng mã QR ',NULL,'CNPM',1,'- Thành thạo xây dựng ứng dụng trên mobile\n- Có khả năng phân tích thiết kế hệ thống (Điểm PTTK HTTT từ B trở lên)\n- Có khả năng làm việc dưới áp lực cao\nCam kết làm việc và báo cáo tiến độ đều đặn theo lịch trình của giảng viên hướng dẫn','',108,0,NULL,1,'K69'),(84,'2022-08-03 10:24:47','2022-08-03 10:24:47','Tư vấn định hướng nghề nghiệp cho học sinh THPT dựa trên khai phá dữ liệu học tập và thi tốt nghiệp',NULL,'CNPM',1,'- Có hiểu biết về học máy, học sâu\n- Thành thạo lập trình Python\n- Có khả năng làm việc dưới áp lực cao\n- Cam kết làm việc và báo cáo tiến độ đều đặn theo lịch trình của giảng viên hướng dẫn\nCam kết viết bài Hội nghị SV NCKH','Đã có SV',108,0,NULL,0,'K69'),(85,'2022-08-03 10:24:47','2022-08-03 10:24:47','Mã hóa nguồn và mã hóa kênh trên mạng di động./ Source code and channel code in mobile network.',NULL,'CNPM',1,'- Biết lập trình C/C++\nNếu kết quả tốt, có thể viết thành bài báo khoa học','',210,0,NULL,0,'K69'),(86,'2022-08-03 10:24:47','2022-08-03 10:24:47','Inter Process Communication: giao tiếp giữa các tiền trình trong Linux',NULL,'CNPM',1,'- Biết lập trình C/C++\nNếu kết quả tốt, có thể viết thành bài báo khoa học','',210,0,NULL,1,'K69'),(87,'2022-08-03 10:24:47','2022-08-03 10:24:47','Phát triển website chia sẻ tài liệu dành cho sinh viên HNUE.','Phát triển  hệ thống chia sẻ tài liệu, giáo trình, bài giảng, bài tập lớn, đề thi của trường ĐHSPHN','CNPM',1,'- Có khả năng lập trình web frontend và backend\n- Cam kết tối đa 2 tuần phải báo cáo ít nhất 1 lần\n- Có khả năng lập trình một số service quảng cáo','Đã có SV',110,0,NULL,0,'K69'),(88,'2022-08-03 10:24:47','2022-08-03 10:24:47','Phát triển website hỗ trợ dạy và học môn tin học theo chương trình giáo dục phổ thông mới 2018.','Phát triển  hệ thống chia sẻ tài liệu giáo viên, tài liệu học sinh, tài liệu các cuộc thi môn tin học theo chương trình giáo dục phổ thông mới.','CNPM',1,'- Có khả năng lập trình web frontend và backend\n- Cam kết tối đa 2 tuần phải báo cáo ít nhất 1 lần\n- Có khả năng lập trình một số service quảng cáo','Đã có SV',110,0,NULL,0,'K69'),(89,'2022-08-03 10:24:47','2022-08-03 10:24:47','Phát triển phần mềm (dạng web) hỗ trợ xếp lịch hội đồng bảo vệ luận văn Thạc sĩ',NULL,'CNPM',1,'- Nhiệt tình, chăm chỉ, Nhanh nhẹn\n- Có khả năng lập trình web\n- Có kinh nghiệm làm phần mềm','',111,0,NULL,0,'K69'),(90,'2022-08-03 10:24:47','2022-08-03 10:24:47','Tìm hiểu Graph Neural Network và ứng dụng',NULL,'CNPM',1,'- Nhiệt tình, chăm chỉ, nhanh nhẹn\n- Có kỹ năng lập trình cơ bản với Python/C++\n- Đọc hiểu được tài liệu chuyên môn bằng Tiếng Anh','',111,0,NULL,0,'K69'),(91,'2022-08-03 10:24:47','2022-08-03 10:24:47','Tìm hiểu mô hình GraphSage và ứng dụng trong bài toán dự đoán liên kết',NULL,'CNPM',1,'- Nhiệt tình, chăm chỉ, nhanh nhẹn\n- Có kỹ năng lập trình cơ bản với Python/C++\n- Đọc hiểu được tài liệu chuyên môn bằng Tiếng Anh','',111,0,NULL,0,'K69'),(92,'2022-08-03 10:24:47','2022-08-03 10:24:47','Xây dựng ứng dụng chấm công tự động sử dụng nhận diện khuôn mặt',NULL,'CNPM',1,'- Có khả năng lập trình Python, tkinter.\n- Hiểu biết về Computer vision, OpenCV\n-  Hiểu biết về học máy/học sâu\n- Biết phân tích thiết kế hệ thống\n- Hiểu biết về CSDL quan hệ, MySQL','',211,0,NULL,0,'K69'),(93,'2022-08-03 10:24:47','2022-08-03 10:24:47','Xây dựng hệ thống trả lời tự động hỗ trợ công tác quản lí đào tạo/Tuyển sinh',NULL,'CNPM',1,'- Có khả năng lập trình Python\n- Hiểu biết về xử lý ngôn ngữ tự nhiên\n- Hiểu biết về học máy/học sâu','',211,0,NULL,1,'K69'),(94,'2022-08-03 10:24:47','2022-08-03 10:24:47','Phát triển mô hình GAN trong bài toán biến đổi ảnh',NULL,'CNPM',1,'- Có khả năng lập trình Python\n- Hiểu biết về Computer vision, OpenCV\n- Hiểu biết về học máy/học sâu','',211,0,NULL,1,'K69'),(95,'2022-08-03 10:24:47','2022-08-03 10:24:47','Ứng dụng trí tuệ nhân tạo trong cá nhân hóa quá trình học tập',NULL,'HTTT',1,'- Biết lập trình, yêu cầu dành nhiều thời gian cho khóa luận','Đã có SV',112,0,NULL,0,'K69'),(96,'2022-08-03 10:24:47','2022-08-03 10:24:47','Giải thuật xếp thời khóa biểu tự động',NULL,'HTTT',1,'- Biết lập trình, yêu cầu dành nhiều thời gian cho khóa luận','Đã có SV',112,0,NULL,0,'K69'),(97,'2022-08-03 10:24:47','2022-08-03 10:24:47','Xây dựng đấu trường học tập cho học sinh phổ thông',NULL,'HTTT',1,'Biết lập trình trên nền tảng PhP Laravel, yêu cầu dành nhiều thời gian cho khóa luận','',112,0,NULL,1,'K69'),(98,'2022-08-03 10:24:47','2022-08-03 10:24:47','Xây dựng app luyện tập cho học sinh phổ thông trên iOS',NULL,'HTTT',1,'- Biết lập trình, yêu cầu dành nhiều thời gian cho khóa luận','',112,0,NULL,0,'K69'),(99,'2022-08-03 10:24:47','2022-08-03 10:24:47','Kiểm thử tự động phần mềm trên môi trường web',NULL,'HTTT',1,'Nếu làm tốt sẽ được nhận làm việc lâu dài với team OLM developer','',112,0,NULL,0,'K69'),(100,'2022-08-03 10:24:47','2022-08-03 10:24:47','Phương pháp tạo các bản tin tổng hợp theo chủ đề',NULL,'HTTT',1,'Đọc hiểu tài liệu tiếng Anh\n- Có kỹ năng lập trình \n- Tìm hiểu một phương pháp học sâu RLTG để điều khiển mô hình ngôn ngữ được huấn luyện trước theo hướng tạo nội dung bản tin\n','',113,0,NULL,1,'K69'),(101,'2022-08-03 10:24:47','2022-08-03 10:24:47','Khám phá các chủ đề tiềm ẩn và sở thích của người dùng mạng xã hội',NULL,'HTTT',2,'- Đọc hiểu tài liệu tiếng Anh\n- Có kỹ năng lập trình \n- Tìm hiểu một phương pháp khám phá ngữ nghĩa tiềm ẩn của chủ đề và sở thích của người dùng mạng xã hội. Từ đó phát hiện cộng đồng, đề xuất các dịch vụ được cá nhân hóa trên các mạng xã hội','',113,0,NULL,1,'K69'),(102,'2022-08-03 10:24:47','2022-08-03 10:24:47','Khai phá dữ liệu đồ thị sinh  học (Phân tích các mạng sinh học dựa trên các kỹ thuật khai phá dữ liệu)','','HTTT',2,'Đã biết các kỹ thuật khai phá dữ liệu/Học máy; Lập trình tốt lập trình ngôn ngữ python; Tiếng Anh đọc hiểu tốt. (Giáo viên sẽ kiểm tra sinh viên trước khi nhận hướng dẫn)','',114,0,NULL,1,'K69'),(103,'2022-08-03 10:24:47','2022-08-03 10:24:47','Khai phá dữ liệu văn bản \n(Phân tích dữ liệu văn bản dựa trên các kỹ thuật khai phá dữ liệu)\n',NULL,'HTTT',2,'Đã biết các kỹ thuật khai phá dữ liệu/Học máy; Lập trình tốt lập trình ngôn ngữ python; Tiếng Anh đọc hiểu tốt. (Giáo viên sẽ kiểm tra sinh viên trước khi nhận hướng dẫn)','',114,0,NULL,1,'K69'),(104,'2022-08-03 10:24:47','2022-08-03 10:24:47','Thuật toán gần đúng cho bài toán tìm đường.','Tìm hiểu thuật toán gần đúng, tìm hiểu bài toán tối ưu, lập trình để xây dựng và kiểm chứng thuật toán trên công cụ giả lập.','KTMT',3,'Không ngại tìm hiểu thuật toán mới\nBiết hoặc có khả năng tự học một vài ngôn ngữ lập trình và phần mềm công cụ mới','',119,0,NULL,1,'K69'),(105,'2022-08-03 10:24:47','2022-08-03 10:24:47','Xây dựng ứng dụng với Electron',NULL,'KTMT',1,'Có hiểu biết cơ bản về phần cứng máy tính và sử dụng thành thạo ngôn ngữ lập trình JS','',120,0,NULL,0,'K69'),(106,'2022-08-03 10:24:47','2022-08-03 10:24:47','Xây dựng hệ thống học tập và kiểm tra trắc nghiệm online',NULL,'KTMT',1,'Sử dụng thành thạo PHP, MySql ','',120,0,NULL,0,'K69'),(107,'2022-08-03 10:24:47','2022-08-03 10:24:47','Xây dựng ứng dụng trên Raspberry Pi',NULL,'KTMT',2,'Có hiểu biết cơ bản về phần cứng máy tính và sử dụng thành thạo ngôn ngữ lập trình C','',120,0,NULL,0,'K69'),(108,'2022-08-03 10:24:47','2022-08-03 10:24:47','Nghiên cứu, xây dựng giải pháp quản trị tập trung các phòng máy tại khoa CNTT',NULL,'KTMT',1,'Tìm hiểu và phân tích được các giải pháp quản trị tập trung hiện nay. \nTìm hiểu và làm chủ hệ điều hành, server, mạng LAN','',118,0,NULL,1,'K69'),(109,'2022-08-03 10:24:47','2022-08-03 10:24:47','Tìm hiểu, nghiên cứu và ứng dụng quản trị mạng Windows server 2012 tại khoa CNTT',NULL,'KTMT',1,'Tìm hiểu và làm chủ hệ điều hành , Windows Server, Linux, mạng LAN','',118,0,NULL,0,'K69'),(110,'2022-08-03 10:24:47','2022-08-03 10:24:47','Tìm hiểu, phân tích các công cụ giám sát mạng phổ biến và ứng dụng tại trườngĐHSPHN.',NULL,'KTMT',1,'Tìm hiểu và làm chủ được các công cụ giám sát mạng, server, mạng LAN','',118,0,NULL,0,'K69'),(111,'2022-08-03 10:24:47','2022-08-03 10:24:47','Iot, xây dựng mô hình nhà thông minh sử dụng Arduino',NULL,'KTMT',1,'Tìm hiểu Iot  và điều khiển được Arduino\nBiết 1 số ngôn ngữ lập trình','',118,0,NULL,1,'K69'),(112,'2022-08-03 10:24:47','2022-08-03 10:24:47','Bồi dưỡng năng lực “Giải quyết vấn đề với sự hỗ trợ của ICT” thông qua dạy học chuyên đề 11.1, Tin học 11, THPT',NULL,'PPGD',1,'Hứng thú với việc sử dụng phần mềm đồ họa để vẽ trang trí; khai thác được SGK phần chuyên đề 11.1; hiểu được các năng lực Tin học thành tố của CT GDPT môn Tin học 2018 ','',123,0,NULL,0,'K69'),(113,'2022-08-03 10:24:47','2022-08-03 10:24:47','Tổ chức dạy học kiến tạo chuyên đề 11.2, Tin học 11, THPT',NULL,'PPGD',1,'Hứng thú với việc sử dụng phần mềm đồ họa để tạo ảnh động; khai thác được SGK phần chuyên đề 11.2; vận dụng được quan điểm dạy học kiến tạo trong dạy học Tin học ở trường THPT theo CT GDPT môn Tin học 2018','',123,0,NULL,0,'K69'),(114,'2022-08-03 10:24:47','2022-08-03 10:24:47','Bồi dưỡng tư duy thuật toán thông qua dạy học lập trình Python theo chủ đề “Lập trình cơ bản”, Tin học 10, THPT',NULL,'PPGD',1,'Hứng thú với chủ đề thuật toán cũng như lập trình cơ bản, Tin học lớp 10,  CT GDPT môn Tin học 2018','',123,0,NULL,0,'K69'),(115,'2022-08-03 10:24:47','2022-08-03 10:24:47','Xây dựng kế hoạch bài dạy để phát triển các kĩ năng học tập thế kỉ 21 theo mô hình 21CLD (21st century learning design)\nTìm hiểu về mô hình học tập thế kỉ 21 của Microsoft, xây dựng kế hoạch bài dạy trong chương trình Tin học THPT để phát triển các kĩ năn',NULL,'PPGD',3,'Có khả năng đọc hiểu tiếng Anh tốt','',122,0,NULL,1,'K69'),(116,'2022-08-03 10:24:47','2022-08-03 10:24:47','Sử dụng các công cụ đa phương tiện để xây dựng kho trò chơi cho hoạt động khởi động Tin học lớp 3 ',NULL,'PPGD',1,'Biết dùng trigger của Powerpoint và các công cụ: Blooket, Wakelet, Kahoot, Quizizz,…. Có năng khiếu về đồ họa và thẩm mĩ.','',122,0,NULL,0,'K69'),(117,'2022-08-03 10:24:47','2022-08-03 10:24:47','Vận dụng mô hình lớp học đảo ngược nhằm phát triển năng lực tự học cho HS trong dạy học chuyên đề CS, Tin học lớp 10, THPT',NULL,'PPGD',1,'Sử dụng được DH dự án và mô hình lớp học đảo ngược; \nNghiên cứu được về DH phát triển năng lực GQVĐ trong môn Tin học; \nNghiên cứu được chuyên đề CS, Tin 10, THPT ','Đã có SV',121,0,NULL,0,'K69'),(118,'2022-08-03 10:24:47','2022-08-03 10:24:47','Vận dụng dạy học dự án nhằm phát triển năng lực giải quyết vấn đề cho HS trong dạy học chuyên đề ICT, Tin học lớp 10, THPT',NULL,'PPGD',1,'Sử dụng được DH dự án và mô hình lớp học đảo ngược; \nNghiên cứu được về DH phát triển năng lực GQVĐ trong môn Tin học; \nNghiên cứu được chuyên đề CS, Tin 10, THPT ','',121,0,NULL,0,'K69'),(119,'2022-08-03 10:24:47','2022-08-03 10:24:47','Bồi dưỡng tư duy thuật toán thông qua dạy học Soạn thảo văn bản toán bằng LaTeX theo dự án “Soạn thảo tài liệu - văn bản”, Chuyên đề 10.1., Tin học 10, THPT',NULL,'PPGD',1,'Biết dùng LaTeX, hứng thú với chủ đề Phát triển tư duy thuật toán cũng như lập trình cơ bản, Tin học lớp 10,  CT GDPT môn Tin học 2018','',212,0,NULL,1,'K69'),(120,'2022-08-03 10:24:47','2022-08-03 10:24:47','Vận dụng các kĩ thuật đánh giá\r\nquá trình trong dạy học môn\r\nTin học ở lớp 10 THPT',NULL,'PPGD',1,'Nắm vững chương trình môn\r\nTin học THPT 2018. Nghiên\r\ncứu về đánh giá quá trình,\r\nvận dụng được các kĩ thuật\r\nđánh giá quá trình trong dạy\r\nhọc môn Tin học ở lớp 10\r\nTHPT','',213,0,NULL,0,'K69'),(121,'2022-08-03 10:24:47','2022-08-03 10:24:47','Vận dụng các phương pháp dạy\r\nhọc tích cực trong dạy học môn\r\nTin học ở lớp 10 THPT',NULL,'PPGD',1,'Nắm vững chương trình môn\r\nTin học THPT 2018. Tìm\r\nhiểu về các phương pháp dạy\r\nhọc tích cực và vận dụng\r\nđược trong dạy học môn Tin\r\nhọc ở lớp 10 THPT','',213,0,NULL,0,'K69'),(122,'2022-08-03 10:24:47','2022-08-03 10:24:47','Trích rút tri thức dạng ngôn ngữ từ dữ liệu chuỗi thời gian','Dữ liệu chuỗi thời gian là một dãy số thu được theo thời gian như số lượng bệnh nhân nhập viện trong năm, nhiệt độ trung bình hàng ngày, số khách hàng online  theo giờ hoặc theo hàng trên một website… Tri thức dạng ngôn ngữ là các câu diễn đạt bằng ngôn ngữ tự nhiên diễn đạt một quy luật, kết luận được sinh ra từ dữ liệu bởi các phương pháp khai phá dữ liệu. Ví dụ như “Trong tháng 10, số lượng bệnh nhân nhập viện ở mức trung bình. Khoảng thời gian chuyển giao hè sang thu, số bệnh nhân nhập viện ở mức cao”. Đề tài này sẽ nghiên cứu các phương pháp để sản sinh, đánh giá tri thức dạng ngôn ngữ từ dữ liệu chuỗi thời gian.','KHMT',2,'Sử dụng được một ngôn ngữ lập trình để cài đặt thuật toán theo hướng dẫn của GV.','',116,0,NULL,1,'K69'),(123,'2022-08-03 10:24:47','2022-08-03 10:24:47','Trích rút tri thức dạng ngôn ngữ từ dữ cơ sở dữ liệu quan hệ.','Cơ sở dữ liệu quan hệ là dạng cơ sở dữ liệu truyền thống được lưu trữ ở dạng bảng như dữ liệu trong quản lý sinh viên/nhân viên, quản lý bán hàng, … Tri thức dạng ngôn ngữ là các câu diễn đạt bằng ngôn ngữ tự nhiên diễn đạt một quy luật, kết luận được sinh ra từ dữ liệu bởi các phương pháp khai phá dữ liệu. Ví dụ như “Hầu hết sinh viên học giỏi môn toán đều học giỏi môn Tin”, “Hầu hết khách hàng mua laptop cũ đều mua thêm gói bảo hành một năm”, ... Đề tài này sẽ nghiên cứu các phương pháp để sản sinh, đánh giá tri thức dạng ngôn ngữ từ cơ sở dữ liệu.','KHMT',2,'Sử dụng được một ngôn ngữ lập trình để cài đặt thuật toán theo hướng dẫn của GV.','',116,0,NULL,1,'K69'),(124,'2022-08-03 10:24:47','2022-08-03 10:24:47','Dự đoán kết quả học tập của sinh viên dựa trên dữ liệu nhật kí LMS.','Thu thập các dữ liệu về hành vi sinh viên trên hệ thống LMS như số lượt xem video, số lượt làm quiz, nộp bài tập … Thực hiện các bước tiền xử lý để thu được bộ dữ liệu chuẩn. Sử dụng các thuật toán học máy (hồi quy, phân loại, phân cụm) trên dữ liệu thu thập được để dự đoán kết qủa học tập của sinh viên (dự đoán điểm, dự đoán đỗ/ trượt, xếp loại)','KHMT',2,'- Có khả năng đọc hiểu tài liệu tiếng anh\n- Có khả năng tự học\n- Có khả năng lập trình: R hoặc Python','',214,0,NULL,1,'K69'),(125,'2022-08-03 10:24:47','2022-08-03 10:24:47','Phân tích dữ liệu để giải quyết bài toán khách hàng rời mạng',NULL,'KHMT',1,'Có khả năng lập trình ngôn ngữ Python/R\nCó khả năng đọc tài liệu tiếng Anh','',159,0,NULL,1,'K69'),(126,'2022-08-03 10:24:47','2022-08-03 10:24:47','Phân tích dữ liệu đánh giá hiệu quả học tập của sinh viên',NULL,'KHMT',1,'Có khả năng lập trình ngôn ngữ Python/R\nCó khả năng đọc tài liệu tiếng Anh','',159,0,NULL,0,'K69'),(127,'2022-08-03 10:24:47','2022-08-03 10:24:47','Nghiên cứu thuật toán di truyền giải bài toán bảo vệ trong mạng ',NULL,'KHMT',1,'Có khả năng lập trình ngôn ngữ Python/R\nCó khả năng đọc tài liệu tiếng Anh','',117,0,NULL,0,'K69'),(128,'2022-08-03 10:24:47','2022-08-03 10:24:47','Nghiên cứu thuật toán học sâu tăng cường cho bài toán định tuyến trong mạng ',NULL,'KHMT',1,'Có khả năng lập trình ngôn ngữ Python/R\nCó khả năng đọc tài liệu tiếng Anh','',117,0,NULL,1,'K69'),(129,'2022-08-03 10:24:47','2022-08-03 10:24:47','Nghiên cứu và phân tích giải pháp dự đoán kết quả học tập sinh viên',NULL,'KHMT',1,'Có khả năng lập trình ngôn ngữ Python/R\nCó khả năng đọc tài liệu tiếng Anh','',117,0,NULL,1,'K69'),(130,'2022-08-03 10:24:47','2022-08-03 10:24:47','Nghiên cứu và phân tích giải pháp dự đoán thái độ/hành vi của người học',NULL,'KHMT',1,'Có khả năng lập trình ngôn ngữ Python/R\nCó khả năng đọc tài liệu tiếng Anh','',117,0,NULL,1,'K69'),(131,'2022-08-03 10:24:47','2022-08-03 10:24:47','Nghiên cứu và phân tích giải pháp dự đoán thái độ/hành vi của người học',NULL,'KHMT',1,'Có khả năng lập trình ngôn ngữ Python/R\nCó khả năng đọc tài liệu tiếng Anh','',117,0,NULL,1,'K69'),(132,'2022-08-05 00:41:03','2022-08-05 00:41:03','Vận dụng dạy học kết hợp và một số hình thức dạy học kết hợp trong dạy học môn Tin học 10 THPT',NULL,'PPGD',1,'Sử dụng được DH kết hợp\r\nNghiên cứu được về DH phát\r\ntriển năng lực GQVĐ trong\r\nmôn Tin học',NULL,121,NULL,NULL,0,'K69'),(133,'2022-08-05 00:41:03','2022-08-05 00:41:03','Dạy học chủ đề về robot giáo dục, Tin học lớp 10 THPT',NULL,'PPGD',1,'Nắm vững cụm chuyên đề Tin học 10 phần CS về “robot giáo dục”',NULL,215,NULL,NULL,0,'K69'),(134,'2022-08-05 00:41:03','2022-08-05 00:41:03','Xây dựng web chia sẻ học liệu',NULL,'KTMT',1,NULL,NULL,120,NULL,NULL,0,'K69'),(135,'2022-08-05 00:41:03','2022-08-05 00:41:03','Phát triển ứng dụng học nói tiếng Anh bằng nhận dạng giọng nói',NULL,'CNPM',1,NULL,NULL,108,NULL,NULL,0,'K69'),(136,'2022-08-05 00:41:03','2022-08-05 00:41:03','Nghiên cứu kiểm thử phần mềm và triển khai kiểm thử API bằng công cụ Postman.',NULL,'KTMT',1,NULL,NULL,118,NULL,NULL,0,'K69'),(137,'2023-07-21 02:59:07','2023-07-21 02:59:07','Giảng dạy môn học Cambridge International AS&A Level Computer Science trong các chương trình quốc tế tại Việt Nam',NULL,'CNPM',1,'-Sinh viên lớp SP Tin học dạy bằng tiếng Anh -Lập trình Python B+ trở lên -Trình độ tiếng Anh C trở lên -Có khả năng dạy bằng tiếng Anh -Cam kết làm việc và báo cáo tiến độ đều đặn theo lịch trình của giảng viên hướng dẫn',NULL,108,NULL,NULL,1,'K70'),(138,'2023-07-21 03:01:09','2023-07-21 03:01:09','Tư vấn định hướng khối ngành học cho học sinh THPT dựa trên khai phá dữ liệu thi tốt nghiệp THCS ','','CNPM',1,'-Có khả năng lập trình Python, qua bài test của giảng viên -Có đam mê lĩnh vực khoa học dữ liệu -Trình độ đọc hiểu tiếng Anh khá -Cam kết làm việc và báo cáo tiến độ đều đặn theo lịch trình của giảng viên hướng dẫn',NULL,108,NULL,NULL,1,'K70'),(139,'2023-07-21 03:05:19','2023-07-21 03:05:19','Xây dựng bộ công cụ phân tích và dự đoán khả năng có việc làm của sinh viên','Đề tài này hướng đến việc xây dựng phần mềm ứng dụng cung cấp chức năng phân tích và dự đoán khả năng có việc làm của sinh viên. Các công đoạn chính bao gồm: (1) Xây dựng mô hình dự đoán khả năng có việc làm của sinh viên bằng các phương pháp học máy; (2) Xây dựng phần mềm ứng dụng cung cấp chức năng phân tích và dự đoán khả năng có việc làm của sinh viên;','CNPM',1,'-Sinh viên có khả năng lập trình tốt (Java, Python,...) -Đã từng xây dựng hệ thống phần mềm (Web, App,...) -Có khả năng nghiên cứu tài liệu bằng tiếng Anh -Trình độ tiếng Anh B2 trở lên',NULL,216,NULL,NULL,1,'K70'),(140,'2023-07-21 03:06:31','2023-07-21 03:06:31','Nhận dạng và trích xuất thông tin từ thẻ sinh viên của trường ĐH Sư phạm Hà Nội.','Đề tài này tập trung vào việc nhận dạng và trích xuất dữ liệu tự động từ thẻ sinh viên trong trường dựa trên các kỹ thuật nhận dạng trong xử lý ảnh.','CNPM',1,'-Có khả năng nghiên cứu, đọc tài liệu tiếng Anh. -Thành thạo ít nhất một ngôn ngữ lập trình: C++, C#, Python, … -Đã học môn xử lý ảnh là 1 lợi thế. -Có khả năng làm việc dưới áp lực cao -Cam kết làm việc và báo cáo tiến độ đều đặn theo lịch trình của giảng viên hướng dẫn -Cam kết viết bài Hội nghị SV NCKH',NULL,109,NULL,NULL,1,'K70'),(141,'2023-07-21 03:07:12','2023-07-21 03:07:12','Hệ thống kiểm tra sao chép code','Hệ thống cho phép kiểm tra so khớp các bài code nhằm phát hiện mức độ giống nhau giữa hai bài code để xác định sự sao chép. ','CNPM',1,'-Có khả năng nghiên cứu, đọc tài liệu tiếng Anh. -Thành thạo ít nhất một ngôn ngữ lập trình: C++, C#, Python, … -Đã học môn xử lý ảnh là 1 lợi thế. -Có khả năng làm việc dưới áp lực cao -Cam kết làm việc và báo cáo tiến độ đều đặn theo lịch trình của giảng viên hướng dẫn -Cam kết viết bài Hội nghị SV NCKH',NULL,109,NULL,NULL,1,'K70'),(142,'2023-07-21 03:08:11','2023-07-21 03:08:11','Ứng dụng Mobile App cho phép tra cứu thông tin biển báo giao thông','Giải pháp cho tra cứu thông tin biển báo giao thông dựa trên ảnh đầu vào ','CNPM',1,'-Có khả năng nghiên cứu, đọc tài liệu tiếng Anh. -Thành thạo việc lập trình ứng dụng mobile app. -Đã học môn xử lý ảnh là 1 lợi thế. -Có khả năng làm việc dưới áp lực cao -Cam kết làm việc và báo cáo tiến độ đều đặn theo lịch trình của giảng viên hướng dẫn -Cam kết viết bài Hội nghị SV NCKH',NULL,109,NULL,NULL,1,'K70'),(143,'2023-07-21 03:08:57','2023-07-21 03:08:57','Phát triển hệ thống quản lý và bảo vệ KLTN khoa CNTT','Cho phép sinh viên đăng kí khóa luận, cập nhật khóa luận trên hệ thống. Cán bộ HD, phản biện sẽ đánh giá khóa luận trên hệ thống.','CNPM',1,'-Có khả năng nghiên cứu, đọc tài liệu tiếng Anh. -Thành thạo ít nhất một ngôn ngữ lập trình: C++, C#, Python, … -Đã học môn xử lý ảnh là 1 lợi thế. -Có khả năng làm việc dưới áp lực cao -Cam kết làm việc và báo cáo tiến độ đều đặn theo lịch trình của giảng viên hướng dẫn -Cam kết viết bài Hội nghị SV NCKH',NULL,109,NULL,NULL,1,'K70'),(144,'2023-07-21 03:09:56','2023-07-21 03:09:56','Phát hiện ảnh đại diện','Trong các lớp học trực tuyến, đôi lúc người học không muốn mở camera (mặc dù là bắt buộc), thay vào đó, họ sẽ dùng một ảnh đại diện hoặc video đại diện để thay thế. Do đó, giảng viên cần phát hiện xem ai đang dùng ảnh đại diện để thay camera. Đề tài phát triển một giải pháp cho phép phát hiện một ảnh có phải là avatar hay không.','CNPM',1,'-Có khả năng nghiên cứu, đọc tài liệu tiếng Anh. -Thành thạo ít nhất một ngôn ngữ lập trình: C++, C#, Python, … -Đã học môn xử lý ảnh là 1 lợi thế. -Có khả năng làm việc dưới áp lực cao -Cam kết làm việc và báo cáo tiến độ đều đặn theo lịch trình của giảng viên hướng dẫn -Cam kết viết bài Hội nghị SV NCKH',NULL,109,NULL,NULL,1,'K70'),(145,'2023-07-21 03:10:38','2023-07-21 03:10:38','Cartoon avatar','Việc sử dụng ảnh đại diện thay thế trên nhiều ứng dụng (FB, Google, Zalo, ...) ngày càng trở lên phổ biến. Có nhiều kỹ thuật để tạo một hình ảnh avatar ấn tượng. Một trong số đó là việc hoạt hình hóa ảnh đại diện (biến một ảnh chân dung thành dạng hoạt hình). Đề tài phát triển một giải pháp cho phép thực hiện kĩ thuật này.','CNPM',1,'-Có khả năng nghiên cứu, đọc tài liệu tiếng Anh. -Thành thạo ít nhất một ngôn ngữ lập trình: C++, C#, Python, … -Đã học môn xử lý ảnh là 1 lợi thế. -Có khả năng làm việc dưới áp lực cao -Cam kết làm việc và báo cáo tiến độ đều đặn theo lịch trình của giảng viên hướng dẫn -Cam kết viết bài Hội nghị SV NCKH',NULL,109,NULL,NULL,1,'K70'),(146,'2023-07-21 03:11:26','2023-07-21 03:11:26','Xây dựng hệ thống thi đấu lập trình','Hệ thống cho phép thi đấu lập trình tạo môi trường học lập trình thú vị hơn','CNPM',1,'-Có khả năng nghiên cứu, đọc tài liệu tiếng Anh. -Thành thạo ít nhất một ngôn ngữ lập trình: Web PHP, C#, Python, … -Có khả năng làm việc dưới áp lực cao -Cam kết làm việc và báo cáo tiến độ đều đặn theo lịch trình của giảng viên hướng dẫn.',NULL,109,NULL,NULL,1,'K70'),(147,'2023-07-21 03:12:43','2023-07-21 03:12:43','Nghiên cứu các kỹ thuật kiểm thử hệ thống dựa trên trên trí tuệ nhân tạo (AI-based systems) và ứng dụng.',NULL,'CNPM',1,'-Có khả năng nghiên cứu, đọc tài liệu tiếng Anh. -Thành thạo ngôn ngữ lập trình Python. -Cam kết làm việc và báo cáo tiến độ đều đặn theo lịch trình của giảng viên hướng dẫn.',NULL,110,NULL,NULL,1,'K70'),(148,'2023-07-21 03:13:10','2023-07-21 03:13:10','Phát triển website cung cấp thông tin thống kê nhu cầu tuyển dụng lĩnh vực công nghệ thông tin.',NULL,'CNPM',1,'-Có khả năng nghiên cứu, đọc tài liệu tiếng Anh. -Thành thạo ngôn ngữ lập trình Python. -Cam kết làm việc và báo cáo tiến độ đều đặn theo lịch trình của giảng viên hướng dẫn.',NULL,110,NULL,NULL,1,'K70'),(149,'2023-07-21 03:16:43','2023-07-21 03:16:43','Xây dựng và triển khai hệ thống quản lý đào tạo Nghiên cứu sinh tại Trường ĐHSPHN','','CNPM',1,'-Thành thạo lập trình web -Nhiệt tình, chịu khó -Có khả năng nghe hiểu và trình bày tốt',NULL,111,NULL,NULL,1,'K70'),(150,'2023-07-21 03:17:07','2023-07-21 03:17:07','Nghiên cứu các mô hình deep learning cho dữ liệu đồ thị không đồng nhất',NULL,'CNPM',1,'-Thành thạo lập trình web -Nhiệt tình, chịu khó -Có khả năng nghe hiểu và trình bày tốt',NULL,111,NULL,NULL,1,'K70'),(151,'2023-07-21 03:23:23','2023-07-21 03:23:23','Xây dựng hệ thống quản lý tập trung Khoa CNTT',NULL,'HTTT',3,'Sinh viên học chắc lập trình web. Sinh viên có kinh nghiệm lập trình ứng dụng. Ưu tiên SV biết framework: Laravel, NodeJS, ReactJS, AngularJS, Vue…',NULL,115,NULL,NULL,1,'K70'),(152,'2023-07-21 03:23:55','2023-07-21 03:23:55','Xây dựng hệ thống quản lý học tập trực tuyến',NULL,'HTTT',1,'Sinh viên học chắc lập trình web. Sinh viên có kinh nghiệm lập trình ứng dụng. Ưu tiên SV biết framework: Laravel, NodeJS, ReactJS, AngularJS, Vue…',NULL,115,NULL,NULL,1,'K70'),(153,'2023-07-21 03:24:32','2023-07-21 03:24:32','Xây dựng chức năng gợi ý khóa học trên hệ thống quản lý học tập trực tuyến dựa trên Neo4j.',NULL,'HTTT',1,'Sinh viên đã học môn trí tuệ nhân tạo hoặc Khai phá dữ liệu, Dữ liệu lớn. Biết lập trình Python',NULL,114,NULL,NULL,1,'K70'),(154,'2023-07-21 03:25:08','2023-07-21 03:25:08','Phân loại đỉnh trên CSDL đồ thị và ứng dụng',NULL,'HTTT',1,'Đọc hiểu tốt tài liệu Tiếng anh, biết lập trình Python',NULL,114,NULL,NULL,1,'K70'),(155,'2023-07-21 03:28:04','2023-07-21 03:28:04','Dự đoán liên kết trên CSDL đồ thị và ứng dụng',NULL,'HTTT',1,'Đọc hiểu tốt tài liệu Tiếng anh, biết lập trình Python',NULL,114,NULL,NULL,1,'K70'),(156,'2023-07-21 03:28:41','2023-07-21 03:28:41','Deep Reinforcement Learning Algorithms',NULL,'HTTT',1,'Đọc hiểu tốt tài liệu Tiếng anh, biết lập trình Python',NULL,112,NULL,NULL,1,'K70'),(157,'2023-07-21 03:30:52','2023-07-21 03:30:52','Trích rút tri thức dạng ngôn ngữ từ dữ liệu chuỗi thời gian','Trích rút tri thức dạng ngôn ngữ từ dữ liệu chuỗi thời gian','KHMT',2,'Sử dụng được một ngôn ngữ lập trình để cài đặt thuật toán theo hướng dẫn của GV.',NULL,116,NULL,NULL,1,'K70'),(158,'2023-07-21 03:31:28','2023-07-21 03:31:28','Trích rút tri thức dạng ngôn ngữ từ dữ cơ sở dữ liệu quan hệ.','Cơ sở dữ liệu quan hệ là dạng cơ sở dữ liệu truyền thống được lưu trữ ở dạng bảng như dữ liệu trong quản lý sinh viên/nhân viên, quản lý bán hàng, … Tri thức dạng ngôn ngữ là các câu diễn đạt bằng ngôn ngữ tự nhiên diễn đạt một quy luật, kết luận được sinh ra từ dữ liệu bởi các phương pháp khai phá dữ liệu. Ví dụ như “Hầu hết sinh viên học giỏi môn toán đều học giỏi môn Tin”, “Hầu hết khách hàng mua laptop cũ đều mua thêm gói bảo hành một năm”, ... Đề tài này sẽ nghiên cứu các phương pháp để sản sinh, đánh giá tri thức dạng ngôn ngữ từ cơ sở dữ liệu.','KHMT',2,'Sử dụng được một ngôn ngữ lập trình để cài đặt thuật toán theo hướng dẫn của GV.',NULL,116,NULL,NULL,1,'K70'),(159,'2023-07-21 03:34:24','2023-07-21 03:34:24','Dự đoán sớm kết quả học tập của sinh viên sử dụng dữ liệu hành vi trực tuyến','Thu thập dữ liệu hành vi trực tuyến của sinh viên trên hệ thống cst.hnue.edu.vn. Thực hiện các bước tiền xử lý dữ liệu. Sử dụng các thuật toán học máy để dự đoán sớm kết quả học tập của người học ở tuần thứ 5, thứ 10 … của học kì.','KHMT',1,'Sử dụng được một ngôn ngữ lập trình để cài đặt thuật toán theo hướng dẫn của GV.',NULL,214,NULL,NULL,1,'K70'),(160,'2023-07-21 03:36:25','2023-07-21 03:36:25','Nghiên cứu thuật toán giải một số bài toán trong mạng','','KHMT',2,'Hiểu thuật toán và lập trình theo hướng dẫn của GV',NULL,117,NULL,NULL,1,'K70'),(161,'2023-07-21 03:36:55','2023-07-21 03:36:55','Khai phá dữ liệu giáo dục (phân tích, hiển thị hoạt động dạy và học, dự đoán kết quả học tập) ',NULL,'KHMT',3,'Sử dụng được một ngôn ngữ lập trình để cài đặt thuật toán theo hướng dẫn của GV.',NULL,117,NULL,NULL,1,'K70'),(162,'2023-07-21 03:38:01','2023-07-21 03:38:01','Ứng dụng mô hình học tập kết hợp hoặc dạy học dựa trên bối cảnh',NULL,'KHMT',2,'',NULL,117,NULL,NULL,1,'K70'),(163,'2023-07-21 03:38:58','2023-07-21 03:38:58','XÂY DỰNG HỆ THỐNG CHẤM THI WORD TỰ ĐỘNG TRONG HỌC PHẦN TIN HỌC ĐẠI CƯƠNG CỦA TRƯỜNG ĐHSPHN',NULL,'KTMT',1,'Sử dụng thành thạo PHP và MySql',NULL,120,NULL,NULL,1,'K70'),(164,'2023-07-21 03:39:24','2023-07-21 03:39:24','XÂY DỰNG HỆ THỐNG CHẤM THI POWERPOINT TỰ ĐỘNG TRONG HỌC PHẦN TIN HỌC ĐẠI CƯƠNG CỦA TRƯỜNG ĐHSPHN',NULL,'KTMT',1,'Sử dụng thành thạo PHP và MySql',NULL,120,NULL,NULL,1,'K70'),(165,'2023-07-21 03:40:37','2023-07-21 03:40:37','Xây dựng hệ thống hỗ trợ tổ chức kì thi trên máy tính tại trường ĐHSP Hà Nội','Hệ thống thống hỗ trợ tổ chức kì thi trên máy tính tại trường ĐHSP Hà Nội tạo ra một kì thi độc lập. Tài khoản đăng nhập của thí sinh được sinh tự động tại phòng thi theo danh sách phòng thi và số máy trong phòng. Trong quá trình làm bài thi thí sinh không thể mở thể mở bất kì chương trình nào khác. Ngoài ra hệ thống có thể hỗ trợ thêm một số chức năng chuyên biệt khác.','KTMT',1,'-Sinh viên ham học hỏi, có ý thức, quyết tâm, tinh thần tự giác cao trong việc làm khóa luận. -Nắm vững kiến thức phân thích thiết kế hệ thống. -Khả năng tư duy lập trình tốt, thành thạo ít nhất 01 ngôn ngữ lập trình backend và frontend. -Sắp xếp thời gian làm việc và báo cáo trực tiếp với giáo viên hướng dẫn 1 buổi / 1 tuần trong thời gian làm khóa luận.',NULL,120,NULL,NULL,1,'K70'),(166,'2023-07-21 03:41:24','2023-07-21 03:41:24','Ứng dụng IoT điều khiển phòng học thông minh','Mô phỏng điều khiển mô hình phòng học thông minh. Tìm hiểu và mua các linh kiện điện tử như board mạch, cảm biến, module điều khiển, …. và lắp rap. Lập trình điều khiển để mô hình hoạt động kết hợp cả tự động và bán tự động thông qua web (app) trên máy tính (điện thoại) có kết nối Internet. ','KTMT',1,'-Sinh viên ham học hỏi, có ý thức, quyết tâm, tinh thần tự giác cao trong việc làm khóa luận. -Nắm vững kiến thức về Mạng đặc biệt là Internet vạn vật (IoT). -Khả năng tư duy lập trình tốt, ưu tiên sinh viên thành thạo ngôn ngữ C++, biết lập trình web hoặc app.  -Có khả năng kinh phí để tự mua linh kiện điện tử (mức vừa phải). -Sắp xếp thời gian làm việc và báo cáo trực tiếp với giáo viên hướng dẫn 1 buổi / 1 tuần trong thời gian làm khóa luận.',NULL,120,NULL,NULL,1,'K70'),(167,'2023-07-21 03:42:29','2023-07-21 03:42:29','Thuật toán cận tối ưu cho bài toán vận tải',NULL,'KTMT',1,'Không ngại tìm hiểu thuật toán mới, đọc tài liệu bằng tiếng Anh.',NULL,119,NULL,NULL,1,'K70'),(168,'2023-07-21 03:42:29','2023-07-21 03:42:29','Tìm hiểu giao thức định tuyến cho mạng WSN',NULL,'KTMT',1,'Không ngại đọc hiểu tài liệu bằng tiếng Anh, thích những công nghệ mới',NULL,119,NULL,NULL,1,'K70'),(169,'2023-07-21 03:44:40','2023-07-21 03:44:40','Bài toán lập lịch RCPSP',NULL,'KTMT',1,'Không ngại tìm hiểu thuật toán mới, đọc tài liệu bằng tiếng Anh.',NULL,119,NULL,NULL,1,'K70'),(170,'2023-07-21 03:47:12','2023-07-21 03:47:12','Quản trị mạng với Windows server 2016',NULL,'KTMT',1,'-Sinh viên ham học hỏi, có ý thức, có tinh thần tự giác cao trong việc làm khóa luận. -Hiểu về hệ thống mạng  và có khả năng tự nghiên cứu',NULL,118,NULL,NULL,1,'K70'),(171,'2023-07-21 03:47:38','2023-07-21 03:47:38','Ứng dụng IoT trong nhà thông minh',NULL,'KTMT',1,'-Sinh viên ham học hỏi, có ý thức, có tinh thần tự giác cao trong việc làm khóa luận. -Hiểu về hệ thống mạng  và có khả năng tự nghiên cứu',NULL,118,NULL,NULL,1,'K70'),(172,'2023-07-21 03:53:56','2023-07-21 03:53:56','Thiết kế nội dung và tổ chức dạy học chủ đề E. Ứng dụng Tin học cấp THPT theo định hướng giáo dục STEM','Tìm hiểu về giáo dục STEM, các hình thức giáo dục STEM và thiết kế nội dung các bài học trong chủ đề E. Ứng dụng Tin học lớp 10, 11 và 12 theo định hướng giáo dục STEM. Sản phẩm: Các kế hoạch dạy học chủ đề E và các sản phẩm minh họa cũng như đánh giá hiệu quả của việc tổ chức dạy học theo định hướng này.','PPGD',1,'SV sử dụng được thành thạo các phần mềm GIMP và Inkscape, có khả năng thiết kế các sản phẩm đồ họa.',NULL,122,NULL,NULL,1,'K70'),(173,'2023-07-21 03:54:43','2023-07-21 03:54:43','Thiết kế hoạt động trải nghiệm theo định hướng giáo dục STEM trong dạy học môn Tin học cấp tiểu học.','Tìm hiểu về giáo dục STEM, các hình thức giáo dục STEM và thiết kế hoạt động trải nghiệm theo định hướng này trong dạy học môn Tin học cấp tiểu học. Sản phẩm: Tối thiểu 5 hoạt động trải nghiệm theo định hướng giáo dục STEM với môn học chủ đạo là môn Tin học lớp 3-4-5','PPGD',1,'SV có khả năng lập trình Scratch, yêu thích robostic',NULL,122,NULL,NULL,1,'K70'),(174,'2023-07-21 03:55:13','2023-07-21 03:55:13','Xây dựng ma trận đề và hệ thống câu hỏi trắc nghiệm kiểm tra giữa kì, cuối kì môn Tin học lớp 10.','Tìm hiểu về kiểm tra, đánh giá theo hướng phát triển phẩm chất, năng lực người học. Tìm hiểu về quy trình xây dựng ma trận đề và xây dựng được hệ thống câu hỏi trắc nghiệm sử dụng trong kiểm tra giữa kì 1, cuối kì 1, giữa kì 2, cuối kì 2 trong môn Tin học lớp 10.','PPGD',1,NULL,NULL,122,NULL,NULL,1,'K70'),(175,'2023-07-21 03:56:15','2023-07-21 03:56:15','Rèn luyện kĩ năng lập trình trên Python cho học sinh lớp 10, THPT','','PPGD',1,'Sinh viên muốn tìm hiểu về các kĩ năng lập trình trên Python để nâng cao trình độ chuyên môn, chuẩn bị tốt cho việc dạy học lập trình sau khi ra trường',NULL,123,NULL,NULL,1,'K70'),(176,'2023-07-21 03:56:38','2023-07-21 03:56:38','Dạy học lập trình cho học sinh lớp 10, THPT theo hướng bồi dưỡng năng lực giải quyết vấn đề với sự hỗ trợ của máy tính',NULL,'PPGD',1,'Sinh viên muốn tìm hiểu cách tiếp cận giải quyết vấn đề, trong đó có những phần việc có thể giao cho máy tính thực hiện thông qua lập trình',NULL,123,NULL,NULL,1,'K70'),(177,'2023-07-21 03:57:12','2023-07-21 03:57:12','Tiếp cận làm mịn dần trong dạy học lập trình lớp 11, THPT',NULL,'PPGD',1,'Sinh viên muốn giải thích và vận dụng được phương pháp làm mịn dần trong lập trình, từ đó thiết kế được chương trình thành các mô đun cho một bài toán cụ thể; vận dụng được những hiểu biết này để dạy học lập trình ở lớp 11',NULL,123,NULL,NULL,1,'K70'),(178,'2023-07-21 03:59:17','2023-07-21 03:59:17','Nghiên cứu dạy học tích hợp liên môn nội dung tin học lớp 4',NULL,'PPGD',1,'SV có nhu cầu dạy cả ở cấp tiểu học và muốn dạy học theo hướng tích hợp, đáp ứng những yêu cầu của đổi mới giáo dục','Đăng kí tên đề tài sau',217,NULL,NULL,1,'K70'),(179,'2023-07-21 03:59:17','2023-07-21 03:59:17','Nghiên cứu xây dựng bộ công cụ dạy học chủ đề D môn Tin học bậc tiểu học theo định hướng phát triển năng lực.',NULL,'PPGD',1,'SV có nhu cầu dạy cả ở cấp tiểu học và muốn phát triển khả năng xây dựng học liệu và công cụ dạy học, đáp ứng những yêu cầu của đổi mới giáo dục','Đăng kí tên đề tài sau',217,NULL,NULL,1,'K70');
/*!40000 ALTER TABLE `topics` ENABLE KEYS */;
UNLOCK TABLES;

--
-- Table structure for table `user_register_topics`
--

DROP TABLE IF EXISTS `user_register_topics`;
/*!40101 SET @saved_cs_client     = @@character_set_client */;
/*!50503 SET character_set_client = utf8mb4 */;
CREATE TABLE `user_register_topics` (
  `id` bigint(20) unsigned NOT NULL AUTO_INCREMENT,
  `semester` varchar(255) COLLATE utf8_unicode_ci NOT NULL DEFAULT '2021-2022',
  `user_id` int(11) NOT NULL,
  `topic_id` int(11) NOT NULL,
  `created_at` timestamp NULL DEFAULT current_timestamp(),
  `updated_at` timestamp NULL DEFAULT current_timestamp(),
  PRIMARY KEY (`id`)
) ENGINE=InnoDB AUTO_INCREMENT=150 DEFAULT CHARSET=utf8 COLLATE=utf8_unicode_ci;
/*!40101 SET character_set_client = @saved_cs_client */;

--
-- Dumping data for table `user_register_topics`
--

LOCK TABLES `user_register_topics` WRITE;
/*!40000 ALTER TABLE `user_register_topics` DISABLE KEYS */;
INSERT INTO `user_register_topics` VALUES (4,'2021-2022',128,38,'2021-09-05 14:07:08','2021-09-05 14:07:08'),(5,'2021-2022',140,41,'2021-09-05 14:09:39','2021-09-05 14:09:39'),(6,'2021-2022',156,39,'2021-09-05 14:10:51','2021-09-05 14:10:51'),(38,'2021-2022',129,47,'2021-09-10 04:10:47','2021-09-10 04:10:47'),(39,'2021-2022',136,51,'2021-09-10 04:11:51','2021-09-10 04:11:51'),(40,'2021-2022',141,72,'2021-09-10 04:26:55','2021-09-10 04:26:55'),(41,'2021-2022',142,73,'2021-09-10 04:27:44','2021-09-10 04:27:44'),(62,'2021-2022',133,52,'2021-09-13 13:24:26','2021-09-13 13:24:26'),(63,'2021-2022',146,62,'2021-09-13 13:30:28','2021-09-13 13:30:28'),(65,'2021-2022',135,42,'2021-09-14 01:23:39','2021-09-14 01:23:39'),(66,'2021-2022',145,43,'2021-09-14 01:25:12','2021-09-14 01:25:12'),(67,'2021-2022',132,44,'2021-09-14 01:26:13','2021-09-14 01:26:13'),(70,'2021-2022',130,37,'2021-09-14 03:13:31','2021-09-14 03:13:31'),(73,'2021-2022',143,48,'2021-09-14 03:53:52','2021-09-14 03:53:52'),(74,'2021-2022',163,36,'2021-09-14 03:55:26','2021-09-14 03:55:26'),(77,'2021-2022',155,68,'2021-09-15 14:46:11','2021-09-15 14:46:11'),(78,'2021-2022',149,65,'2021-09-15 14:48:19','2021-09-15 14:48:19'),(80,'2021-2022',152,70,'2021-09-16 13:27:20','2021-09-16 13:27:20'),(83,'2021-2022',147,49,'2021-09-18 11:09:05','2021-09-18 11:09:05'),(84,'2021-2022',139,76,'2021-09-21 03:30:05','2021-09-21 03:30:05'),(86,'K69',190,84,'2022-08-03 11:09:25','2022-08-03 11:09:25'),(87,'K69',187,87,'2022-08-03 11:11:13','2022-08-03 11:11:13'),(89,'K69',164,95,'2022-08-03 11:13:07','2022-08-03 11:13:07'),(90,'K69',204,96,'2022-08-03 11:13:57','2022-08-03 11:13:57'),(92,'K69',166,104,'2022-08-04 10:27:10','2022-08-04 10:27:10'),(93,'K69',183,80,'2022-08-05 00:32:45','2022-08-05 00:32:45'),(94,'K69',188,82,'2022-08-05 00:34:26','2022-08-05 00:34:26'),(97,'K69',205,78,'2022-08-07 06:26:42','2022-08-07 06:26:42'),(98,'K69',185,105,'2022-08-08 01:44:07','2022-08-08 01:44:07'),(99,'K69',180,106,'2022-08-08 01:45:55','2022-08-08 01:45:55'),(100,'K69',207,107,'2022-08-08 01:47:12','2022-08-08 01:47:12'),(101,'K69',206,107,'2022-08-08 01:49:43','2022-08-08 01:49:43'),(102,'K69',168,118,'2022-08-08 01:58:07','2022-08-08 01:58:07'),(105,'K69',170,132,'2022-08-08 01:59:18','2022-08-08 01:59:18'),(107,'K69',193,99,'2022-08-09 01:10:17','2022-08-09 01:10:17'),(108,'K69',134,134,'2022-08-09 13:32:36','2022-08-09 13:32:36'),(109,'K69',184,135,'2022-08-09 13:32:36','2022-08-09 13:32:36'),(110,'K69',195,83,'2022-08-09 13:32:36','2022-08-09 13:32:36'),(112,'K69',201,110,'2022-08-10 05:00:55','2022-08-10 05:00:55'),(113,'K69',197,109,'2022-08-10 05:01:16','2022-08-10 05:01:16'),(114,'K69',169,115,'2022-08-10 05:01:26','2022-08-10 05:01:26'),(117,'K69',189,91,'2022-08-10 05:03:39','2022-08-10 05:03:39'),(119,'K69',178,120,'2022-08-10 05:11:49','2022-08-10 05:11:49'),(120,'K69',165,112,'2022-08-10 05:17:57','2022-08-10 05:17:57'),(121,'K69',176,114,'2022-08-10 05:58:21','2022-08-10 05:58:21'),(122,'K69',175,116,'2022-08-10 06:04:42','2022-08-10 06:04:42'),(123,'K69',179,113,'2022-08-10 06:08:07','2022-08-10 06:08:07'),(125,'K69',171,133,'2022-08-10 06:16:03','2022-08-10 06:16:03'),(128,'K69',174,117,'2022-08-10 06:42:11','2022-08-10 06:42:11'),(129,'K69',182,81,'2022-08-10 08:35:42','2022-08-10 08:35:42'),(133,'K69',203,136,'2022-08-10 12:28:54','2022-08-10 12:28:54'),(134,'K69',167,88,'2022-08-11 14:48:22','2022-08-11 14:48:22'),(135,'K69',202,85,'2022-08-13 12:41:25','2022-08-13 12:41:25'),(137,'K69',172,121,'2022-08-14 21:58:19','2022-08-14 21:58:19'),(138,'K69',194,77,'2022-08-15 15:35:09','2022-08-15 15:35:09'),(144,'K69',181,89,'2022-08-19 05:15:56','2022-08-19 05:15:56'),(146,'K69',186,127,'2022-08-21 13:15:31','2022-08-21 13:15:31'),(147,'K69',200,90,'2022-08-26 09:40:47','2022-08-26 09:40:47'),(148,'K69',192,92,'2023-02-03 09:30:19','2023-02-03 09:30:19'),(149,'K69',144,98,'2023-02-03 10:06:12','2023-02-03 10:06:12');
/*!40000 ALTER TABLE `user_register_topics` ENABLE KEYS */;
UNLOCK TABLES;

--
-- Table structure for table `users`
--

DROP TABLE IF EXISTS `users`;
/*!40101 SET @saved_cs_client     = @@character_set_client */;
/*!50503 SET character_set_client = utf8mb4 */;
CREATE TABLE `users` (
  `id` bigint(20) unsigned NOT NULL AUTO_INCREMENT,
  `name` varchar(255) COLLATE utf8_unicode_ci NOT NULL,
  `username` varchar(255) COLLATE utf8_unicode_ci NOT NULL,
  `email` varchar(255) COLLATE utf8_unicode_ci DEFAULT NULL,
  `role` int(11) NOT NULL,
  `phone` varchar(255) COLLATE utf8_unicode_ci DEFAULT NULL,
  `academic_year` varchar(255) COLLATE utf8_unicode_ci DEFAULT NULL,
  `class` varchar(255) COLLATE utf8_unicode_ci DEFAULT NULL,
  `id_ref` varchar(255) COLLATE utf8_unicode_ci DEFAULT NULL,
  `email_verified_at` timestamp NULL DEFAULT NULL,
  `password_change_at` timestamp NULL DEFAULT NULL,
  `password` varchar(255) COLLATE utf8_unicode_ci NOT NULL,
  `deleted_at` timestamp NULL DEFAULT NULL,
  `remember_token` varchar(100) COLLATE utf8_unicode_ci DEFAULT NULL,
  `created_at` timestamp NULL DEFAULT NULL,
  `updated_at` timestamp NULL DEFAULT NULL,
  PRIMARY KEY (`id`),
  UNIQUE KEY `users_username_unique` (`username`),
  UNIQUE KEY `users_email_unique` (`email`)
) ENGINE=InnoDB AUTO_INCREMENT=269 DEFAULT CHARSET=utf8 COLLATE=utf8_unicode_ci;
/*!40101 SET character_set_client = @saved_cs_client */;

--
-- Dumping data for table `users`
--

LOCK TABLES `users` WRITE;
/*!40000 ALTER TABLE `users` DISABLE KEYS */;
INSERT INTO `users` VALUES (1,'Quản trị viên','admin','tranhailong0807@gmail.com',1,'','','','1',NULL,'2022-08-09 14:19:44','$2y$10$zSCZtZv23ZkqRpVZn3D92.j3ItyXBxq0E2g5R7SeXNQ3wCziaYcfi',NULL,NULL,'2021-01-16 03:12:42','2022-08-09 14:19:44'),(3,'Ban chủ nhiệm Khoa 1','bcnkhoa01',NULL,3,'','','','1',NULL,'2021-01-29 23:20:46','$2y$12$GcKySLnA268yjdN3SwmK2.1oZbsBeXjp3zah3iEO0LR6UrqfLtvku',NULL,NULL,'2021-01-16 03:12:46','2021-09-02 10:06:52'),(108,'TS. Nguyễn Thị Thanh Huyền','huyenntt','ntthuyen@hnue.edu.vn',4,'','','',NULL,NULL,NULL,'$2y$12$GcKySLnA268yjdN3SwmK2.1oZbsBeXjp3zah3iEO0LR6UrqfLtvku',NULL,NULL,NULL,'2021-09-02 10:25:06'),(109,'TS. Đặng Thành Trung','trungdt','trungdt@hnue.edu.vn',4,'','','',NULL,NULL,'2021-09-14 12:26:26','$2y$10$zSCZtZv23ZkqRpVZn3D92.j3ItyXBxq0E2g5R7SeXNQ3wCziaYcfi',NULL,NULL,NULL,'2021-09-14 12:26:26'),(110,'ThS. Nguyễn Thị Hạnh','hanhnt','hanhit@hnue.edu.vn',4,'','','',NULL,NULL,'2021-09-14 10:54:09','$2y$10$M5.y.5e1ubyK9xuEApxSKOnBK3rZlW0KcDYKa0YGXiPAiASNQzN3O',NULL,NULL,NULL,'2021-09-14 10:54:09'),(111,'PGS. TS Trần Đăng Hưng','hungtd','hungtd@hnue.edu.vn',4,'','','',NULL,NULL,NULL,'$2y$12$GcKySLnA268yjdN3SwmK2.1oZbsBeXjp3zah3iEO0LR6UrqfLtvku',NULL,NULL,NULL,NULL),(112,'PGS. TS Phạm Thọ Hoàn','hoanpt','hoanpt@hnue.edu.vn',4,'','','',NULL,NULL,NULL,'$2y$12$GcKySLnA268yjdN3SwmK2.1oZbsBeXjp3zah3iEO0LR6UrqfLtvku',NULL,NULL,NULL,'2021-09-02 10:11:00'),(113,'TS. Phạm Thị Anh Lê','lepta','lepta@hnue.edu.vn',4,'','','',NULL,NULL,NULL,'$2y$12$GcKySLnA268yjdN3SwmK2.1oZbsBeXjp3zah3iEO0LR6UrqfLtvku',NULL,NULL,NULL,NULL),(114,'TS. Lê Thị Tú Kiên','kienltt','kienltt@hnue.edu.vn',4,'','','',NULL,NULL,NULL,'$2y$12$GcKySLnA268yjdN3SwmK2.1oZbsBeXjp3zah3iEO0LR6UrqfLtvku',NULL,NULL,NULL,NULL),(115,'CN. Lê Xuân Hiền','hienlx','lexuanhien@hnue.edu.vn',4,'','','',NULL,NULL,NULL,'$2y$12$GcKySLnA268yjdN3SwmK2.1oZbsBeXjp3zah3iEO0LR6UrqfLtvku',NULL,NULL,NULL,NULL),(116,'TS. Phạm Thị Lan','lanpt','ptlan@hnue.edu.vn',4,'','','',NULL,NULL,NULL,'$2y$12$GcKySLnA268yjdN3SwmK2.1oZbsBeXjp3zah3iEO0LR6UrqfLtvku',NULL,NULL,NULL,NULL),(117,'TS. Đỗ Trung Kiên','kiendt','kiendt@hnue.edu.vn',4,'','','',NULL,NULL,NULL,'$2y$12$GcKySLnA268yjdN3SwmK2.1oZbsBeXjp3zah3iEO0LR6UrqfLtvku',NULL,NULL,NULL,NULL),(118,'ThS. Vũ Thái Giang','giangvt','giangvt@hnue.edu.vn',4,'','','',NULL,NULL,NULL,'$2y$12$GcKySLnA268yjdN3SwmK2.1oZbsBeXjp3zah3iEO0LR6UrqfLtvku',NULL,NULL,NULL,NULL),(119,'TS. Nguyễn Thế Lộc','locnt','locnt@hnue.edu.vn',4,'','','',NULL,NULL,NULL,'$2y$12$GcKySLnA268yjdN3SwmK2.1oZbsBeXjp3zah3iEO0LR6UrqfLtvku',NULL,NULL,NULL,NULL),(120,'ThS. Nguyễn thị Quỳnh Hoa','hoantq','hoantq@hnue.edu.vn',4,'','','',NULL,NULL,NULL,'$2y$12$GcKySLnA268yjdN3SwmK2.1oZbsBeXjp3zah3iEO0LR6UrqfLtvku',NULL,NULL,NULL,'2021-09-02 09:52:13'),(121,'ThS. Nguyễn Thị Hồng B','hongntb','nguyenthihong@hnue.edu.vn',4,'','','',NULL,NULL,NULL,'$2y$12$GcKySLnA268yjdN3SwmK2.1oZbsBeXjp3zah3iEO0LR6UrqfLtvku',NULL,NULL,NULL,NULL),(122,'ThS. Kiều Phương Thùy','thuykp','thuykp@hnue.edu.vn',4,'','','',NULL,NULL,NULL,'$2y$12$GcKySLnA268yjdN3SwmK2.1oZbsBeXjp3zah3iEO0LR6UrqfLtvku',NULL,NULL,NULL,NULL),(123,'TS. Nguyễn Chí Trung','trungnc','trungnc@hnue.edu.vn',4,'','','',NULL,NULL,NULL,'$2y$12$GcKySLnA268yjdN3SwmK2.1oZbsBeXjp3zah3iEO0LR6UrqfLtvku',NULL,NULL,NULL,NULL),(128,'Phạm Quang Huy','685105031','685105031@gmail.com',5,'','K68','',NULL,NULL,'2021-09-13 15:20:28','123456',NULL,NULL,NULL,'2021-09-13 15:20:28'),(129,'Nhữ Duy Thìn','685105061','685105061@gmail.com',5,'','K68','',NULL,NULL,'2021-09-13 15:28:52','123456',NULL,NULL,NULL,'2021-09-13 15:28:52'),(130,'Đinh Quang Đạo','685105012','685105012@gmail.com',5,'','K68','',NULL,NULL,'2021-09-14 13:21:35','123456',NULL,NULL,NULL,'2021-09-14 13:21:35'),(131,'Lê Thị Nga','685105043','685105043@gmail.com',5,'','K68','',NULL,NULL,NULL,'123456',NULL,NULL,NULL,NULL),(132,'Nguyễn Minh Phương','685105053','685105053@gmail.com',5,'','K68','',NULL,NULL,'2021-09-14 12:26:33','123456',NULL,NULL,NULL,'2021-09-14 12:26:33'),(133,'Lê Thị Ngọc','685105046','685105046@gmail.com',5,'','K68','',NULL,NULL,'2021-09-14 13:45:44','123456',NULL,NULL,NULL,'2021-09-14 13:45:44'),(134,'Vũ Thành Vinh','685105079','685105079@gmail.com',5,'','K68','',NULL,NULL,'2021-09-13 15:30:11','$2y$10$zSCZtZv23ZkqRpVZn3D92.j3ItyXBxq0E2g5R7SeXNQ3wCziaYcfi',NULL,NULL,NULL,'2021-09-13 15:30:11'),(135,'Vũ Bá Thọ','685105062','685105062@gmail.com',5,'','K68','',NULL,NULL,'2021-09-14 12:23:55','123456',NULL,NULL,NULL,'2021-09-14 12:23:55'),(136,'Lưu Anh Tú','685105073','685105073@gmail.com',5,'','K68','',NULL,NULL,'2021-09-13 15:30:45','123456',NULL,NULL,NULL,'2021-09-13 15:30:45'),(137,'Nguyễn Hải Phong','685105050','685105050@gmail.com',5,'','K68','',NULL,NULL,'2021-09-15 20:25:04','123456',NULL,NULL,NULL,'2021-09-15 20:25:04'),(138,'Nguyễn Thị Kim Ngân','685105044','685105044@gmail.com',5,'','K68','',NULL,NULL,NULL,'123456',NULL,NULL,NULL,NULL),(139,'Lê Nguyên Hưng','685105033','685105033@gmail.com',5,'','K68','',NULL,NULL,'2021-09-19 00:15:06','123456',NULL,NULL,NULL,'2021-09-19 00:15:06'),(140,'Dương Thị Thanh Nga','685105042','685105042@gmail.com',5,'','K68','',NULL,NULL,'2021-09-13 15:23:27','123456',NULL,NULL,NULL,'2021-09-13 15:23:27'),(141,'Trịnh Trung Hiếu','685105027','685105027@gmail.com',5,'','K68','',NULL,NULL,'2021-09-13 15:24:52','123456',NULL,NULL,NULL,'2021-09-13 15:24:52'),(142,'Mai Văn Hiểu','685105022','685105022@gmail.com',5,'','K68','',NULL,NULL,'2021-09-10 04:27:25','123456',NULL,NULL,NULL,'2021-09-18 23:28:51'),(143,'Vũ Công Thành','685105057','685105057@gmail.com',5,'','K68','',NULL,NULL,'2021-09-14 14:12:49','123456',NULL,NULL,NULL,'2021-09-14 14:12:49'),(144,'Mai Thái Dương','685105010','685105010@gmail.com',5,'','K68','',NULL,NULL,'2021-09-14 19:18:42','$2y$10$jOWyUy0sh5SR2LqXqarCM.CvfvCVLSy3780/GQ4T1pN42c3WB.G9C',NULL,NULL,NULL,'2023-02-03 09:02:03'),(145,'Trần Thị Thu Hà','685105015','685105015@gmail.com',5,'','K68','',NULL,NULL,'2021-09-14 14:17:06','123456',NULL,NULL,NULL,'2021-09-14 14:17:06'),(146,'Mai Thiên Quang Anh','685105004','685105004@gmail.com',5,'','K68','',NULL,NULL,NULL,'$2a$10$xOHIisMbvpFPKnBO0GOLD.qnujcsQcGwtuIUG.dX1//IzNW1emvcK',NULL,NULL,NULL,'2021-09-13 15:25:30'),(147,'Nguyễn Thị Thanh Ngân','685105045','685105045@gmail.com',5,'','K68','',NULL,NULL,'2021-09-14 14:11:58','123456',NULL,NULL,NULL,'2021-09-14 14:11:58'),(148,'Trần Thị Loan','685102006','685102006@gmail.com',5,'','K68','',NULL,NULL,NULL,'123456',NULL,NULL,NULL,NULL),(149,'Đỗ Anh Văn','685102014','685102014@gmail.com',5,'','K68','',NULL,NULL,'2021-09-15 20:55:53','123456',NULL,NULL,NULL,'2021-09-15 20:55:53'),(150,'Bùi Thị Khuy','685102002','685102002@gmail.com',5,'','K68','',NULL,NULL,NULL,'123456',NULL,NULL,NULL,NULL),(151,'Nguyễn Thu Phương','685102009','685102009@gmail.com',5,'','K68','',NULL,NULL,NULL,'123456',NULL,NULL,NULL,NULL),(152,'Nguyễn Thị Thoan','685102013','685102013@gmail.com',5,'','K68','',NULL,NULL,'2021-09-15 21:01:31','123456',NULL,NULL,NULL,'2021-09-15 21:01:31'),(153,'Vũ Thị Thanh Thảo','685102012','685102012@gmail.com',5,'','K68','',NULL,NULL,NULL,'123456',NULL,NULL,NULL,NULL),(154,'Trần Thị Kim Loan','685102005','685102005@gmail.com',5,'','K68','',NULL,NULL,NULL,'123456',NULL,NULL,NULL,NULL),(155,'Phạm Trung Kiên','685102003','685102003@gmail.com',5,'','K68','',NULL,NULL,'2021-09-16 00:29:34','123456',NULL,NULL,NULL,'2021-09-16 00:29:34'),(156,'Phạm Thị Lý','665302010','665302010@gmail.com',5,'','K68','',NULL,NULL,'2021-09-13 15:27:45','123456',NULL,NULL,NULL,'2021-09-13 15:27:45'),(158,'Hải Long','665105037','tranhailong8798@gmail.com',5,'','K66','',NULL,NULL,'2021-09-04 04:50:39','$2y$10$S1kCt0vaPizylgSzaKvAhO96icdJ3uVK0sDcaJpbFmtLF8f7/RybG',NULL,NULL,'2021-09-04 04:50:39','2021-09-04 04:50:39'),(159,'TS. Đặng Xuân Thọ','thodx','thodx@hnue.edu.vn',4,'','','',NULL,NULL,NULL,'$2y$12$GcKySLnA268yjdN3SwmK2.1oZbsBeXjp3zah3iEO0LR6UrqfLtvku',NULL,NULL,NULL,NULL),(160,'Sinh viên 1','sinhvien1','sinhvien1@gmail.com',5,'','K68','',NULL,NULL,'2021-02-23 01:21:53','123456',NULL,NULL,NULL,NULL),(161,'Sinh viên 2','sinhvien2','sinhvien2@gmail.com',5,'','K68','',NULL,NULL,'2021-02-23 01:21:53','123456',NULL,NULL,NULL,NULL),(162,'Sinh viên 3','sinhvien3','sinhvien3@gmail.com',5,'','K68','',NULL,NULL,'2021-02-23 01:21:53','123456',NULL,NULL,NULL,NULL),(163,'Lê Thanh Huyền','675105050','675105050@gmail.com',5,'675105050','K67',NULL,NULL,NULL,'2021-09-14 14:55:58','$2y$10$pVeZSTEXXr7pftbqIVwXU.Ud9KLD4VImejtwgYVBQkgQAe6W6PKqK',NULL,NULL,NULL,'2021-09-14 14:55:58'),(164,'Lê Thị Hồng Tâm','695102021','lthtam0910@gmail.com',5,NULL,'K69',NULL,NULL,NULL,'2022-08-08 04:09:02','$2y$10$WXIQcEK.jRGCKmGyuDcEAeRlVZdLOTQ2kqyKB.JWU9i5J1PY6Arty',NULL,NULL,NULL,'2022-08-08 04:09:02'),(165,'Thân Thị Thu','695102024','thutl250800@gmail.com',5,NULL,'K69',NULL,NULL,NULL,'2022-08-09 23:58:01','$2y$10$MDUjRl2mlmZnL9n4xwNvGe.0Y83y8zHYVS7asQmDvs/MWphuMwoZK',NULL,NULL,NULL,'2022-08-09 23:58:01'),(166,'Nguyễn Duy Hải','695102007','haityt318@gmail.com',5,NULL,'K69',NULL,NULL,NULL,'2022-08-10 05:54:47','$2y$10$2FB5TJp.c3wKuXi2HEYJteLlayfqmY69m2WKOUqrkvTv9FAmN4K.G',NULL,NULL,NULL,'2022-08-10 05:54:47'),(167,'Nguyễn Quang Huy','695102012','quanghuynguyen0929@gmail.com',5,NULL,'K69',NULL,NULL,NULL,'2022-08-06 13:39:36','$2y$10$Mu9sgnwtzsnb1ZEwjPSvl.Tvf.hwM87bKOFIYGpNlu31lBxD8RhlK',NULL,NULL,NULL,'2022-08-06 13:39:36'),(168,'Hồ Thị Nhật Thùy','695102026','hothinhatthuy@gmail.com',5,NULL,'K69',NULL,NULL,NULL,'2022-08-08 04:09:15','$2y$10$GEx.7z3FK38IgGHhqNypWOSAVfwE.T3j0M7wCQi.IFS7Eru800GTK',NULL,NULL,NULL,'2022-08-08 04:09:15'),(169,'Phan Hoàng Linh','695102014','phanhoanglinh384@gmail.com',5,NULL,'K69',NULL,NULL,NULL,'2022-08-06 07:49:29','$2y$10$sEOcgn2UwWQtES3Ffufqk.7RdLjM66fpyxeniXaBtwUDuaQLEItm6',NULL,NULL,NULL,'2022-08-06 07:49:29'),(170,'Lê Thị Hoài Thanh','695102022','hoaithanh1992001@gmail.com',5,NULL,'K69',NULL,NULL,NULL,'2022-08-08 02:00:12','$2y$10$LRIBIqyiBLrJAfDeWWrioeGwnGHuEH3vrIa9xV7vICi3MwaZXE0m2',NULL,NULL,NULL,'2022-08-08 02:00:12'),(171,'Bùi Thu Trang','695102027','buithutrang08092001@gmail.com',5,NULL,'K69',NULL,NULL,NULL,NULL,'$2a$10$Row2d.cVpdC/pxbEA92qgO8hfkytYzvuWFnITroyLcd0n5/iq/8eW',NULL,NULL,NULL,NULL),(172,'Nguyễn Đức Nam','695102018','nducnam1808@gmail.com',5,NULL,'K69',NULL,NULL,NULL,NULL,'$2a$10$z0slbsvevewt/4MDCGAyEOlyiRfh7jmdM4kD5fjem8hksswfDvcbW',NULL,NULL,NULL,NULL),(173,'Đỗ Hoàng Nam','695102017','dhnue2001@gmail.com',5,NULL,'K69',NULL,NULL,NULL,NULL,'$2a$10$IHfUejQigNIkY0NFVVCwc.IaiY69ueVscYgkvRk74jYCQ1JqJ/pp6',NULL,NULL,NULL,NULL),(174,'Phạm Thị Như Quỳnh','695102020','phamna275@gmail.com',5,NULL,'K69',NULL,NULL,NULL,'2022-08-06 12:35:06','$2a$10$NgpcdHlWzBI0tVN9rXUV0up4slTxYAIefvjYEV6573HcOU8ovpHze',NULL,NULL,NULL,'2022-08-06 12:35:06'),(175,'Xuân Thị Thùy Trang','695102029','695102029@gmail.com',5,NULL,'K69',NULL,NULL,NULL,NULL,'$2a$10$70a349YElG2Sr841aXm4TeLT5v5/upEmhfgmGuxDFxJmU2MUpKNYq',NULL,NULL,NULL,NULL),(176,'Dương Thùy Uyên','695102033','uyendt24501@gmail.com',5,NULL,'K69',NULL,NULL,NULL,'2022-08-10 06:01:23','$2y$10$puWGTzkeNn.7ew000FaxfOMt3MWFh55k5TpeoguM7Z3IgqRznQPJ2',NULL,NULL,NULL,'2022-08-10 06:01:23'),(177,'Nguyễn Thị Cẩm Ly','695102015','695102015@gmail.com',5,NULL,'K69',NULL,NULL,NULL,NULL,'$2a$10$PXGm5vgr2NCCyJyw0xLqSOTIQlQhTusN1C7Shn66H4O4grCYeNxMa',NULL,NULL,NULL,NULL),(178,'Lê Giang Minh Anh','695102002','legiangminhanh@gmail.com',5,NULL,'K69',NULL,NULL,NULL,'2022-08-06 12:03:42','$2y$10$9c0fHA2hUHI3Y7mTXJUwrOZT4Y9Hv.zrgPaz7WV/rUgdpoaVihrYG',NULL,NULL,NULL,'2022-08-06 12:03:42'),(179,'Nguyễn Tiến Cường','695102004','ntc2582001@gmail.com',5,NULL,'K69',NULL,NULL,NULL,'2022-08-10 06:06:14','$2y$10$6bXT8jIczS6o5NihnVNlOed1u/qjDlEB3dbi5tl.hNrlB07JrDRrW',NULL,NULL,NULL,'2022-08-10 06:06:14'),(180,'Nguyễn Đức Thiện','695105116','1112.ducthien@gmail.com',5,NULL,'K69',NULL,NULL,NULL,'2022-08-06 06:23:46','$2a$10$rMMgDSQSPO7XtshAKeSGOe.b0yeBXnY.RFBdvkgsSo.yJ69gBBPja',NULL,NULL,NULL,'2022-08-06 06:23:46'),(181,'Hà Văn Dũng','695105026','hdung72267@gmail.com',5,NULL,'K69',NULL,NULL,NULL,'2022-08-10 08:26:17','$2y$10$fFv.LTNOwGqjytY6D.8/P.586cJNXiC6eYchGP0vT3lTGXPCHyJG.',NULL,NULL,NULL,'2022-08-10 08:26:17'),(182,'Nguyễn Thành Nam','695105089','namnguyenthanh2k1@gmail.com',5,NULL,'K69',NULL,NULL,NULL,'2022-08-09 01:04:26','$2a$10$afz6zB747iDcHMKsrLI7weIFafnRYKzDanmGPYbIyu5xXo0s9Qrea',NULL,NULL,NULL,'2022-08-09 01:04:26'),(183,'Nguyễn Thế Trung','695105126','trungnt_sv@hnue.edu.vn',5,NULL,'K69',NULL,NULL,NULL,'2022-08-07 01:39:04','$2y$10$SAOyur48Rr1FDQZIrONAr.6542BSpXe7nINWpOBooRVGs7/tpoXPa',NULL,NULL,NULL,'2022-08-07 01:39:04'),(184,'Nguyễn Bá Mạnh','695105084','manhba0711@gmail.com',5,NULL,'K69',NULL,NULL,NULL,'2022-08-08 04:29:11','$2y$10$E585TPVEQyJrJYpWGyLCa.WIY6R106byNcE33kxm9wu94Uur5MXgS',NULL,NULL,NULL,'2022-08-08 04:29:11'),(185,'Đinh Phú Quý','695105103','dinhphuquy2001@gmail.com',5,NULL,'K69',NULL,NULL,NULL,'2022-08-06 07:57:47','$2a$10$r4OzGKLvVP4JkzFmdaZ/hONfwxjYIMm5eFAkau71UCbAD7X0vVmG.',NULL,NULL,NULL,'2022-08-06 07:57:47'),(186,'Nguyễn Ngọc Huy','695105059','thankhuya4@gmail.com',5,NULL,'K69',NULL,NULL,NULL,'2022-08-09 13:39:57','$2y$10$CLPAT.VZMSKOoopiIksskuLC0Uu4SW65K1lPu79h3Nxepn9Os6P0i',NULL,NULL,NULL,'2022-08-09 13:39:57'),(187,'Nguyễn Quốc Trung','695105125','nguyenquoctrungk69@gmail.com',5,NULL,'K69',NULL,NULL,NULL,'2022-08-03 11:10:50','$2a$10$XljYby3uSvJ8.o28WqHQiuJIgIYqtG8T8KUxjpYy8qkhvfKwqwYfG',NULL,NULL,NULL,'2022-08-03 11:10:50'),(188,'Lê Ngọc Liên','695105072','ngoclien3081312@gmail.com',5,NULL,'K69',NULL,NULL,NULL,'2022-08-05 00:33:58','$2a$10$MmeviLOrcIyTwrV7w1RZz.IrkGu//cRvVQ1TGI2tdHKy9ziQjcQOa',NULL,NULL,NULL,'2022-08-05 00:33:58'),(189,'Đàm Trung Đức','695105022','damtrungduc170198@gmail.com',5,NULL,'K69',NULL,NULL,NULL,NULL,'$2a$10$xOHIisMbvpFPKnBO0GOLD.qnujcsQcGwtuIUG.dX1//IzNW1emvcK',NULL,NULL,NULL,'2022-08-08 08:57:49'),(190,'Nguyễn Đình Hiếu','695105044','hieu.nd16901@gmail.com',5,NULL,'K69',NULL,NULL,NULL,'2022-08-03 11:09:02','$2a$10$JNtj3cFKrjO22RtgzhwK3uPbibSV6rPSGQfqdF.eqyj7Dvk81zOXG',NULL,NULL,NULL,'2022-08-03 11:09:02'),(191,'Hoàng Duy Tùng','695105134','hoangtoong1603@gmail.com',5,NULL,'K69',NULL,NULL,NULL,NULL,'$2a$10$NRedeFlcyv28ftKygItnqejEQepQtnz5wBp9PDQTZDr7LBL/.Ime.',NULL,NULL,NULL,NULL),(192,'Phạm Hà Trang','695105124','tranghnue4@gmail.com',5,NULL,'K69',NULL,NULL,NULL,'2022-08-10 14:27:13','$2y$10$1rNYAe8AnuH7TVttoPEh6e1r0mJaijfibxLuok3rf1nsubkFs/xG.',NULL,NULL,NULL,'2022-08-10 14:27:13'),(193,'Trần Thị Quỳnh Anh','695105009','ttqa1401@gmail.com',5,NULL,'K69',NULL,NULL,NULL,'2022-08-09 14:25:22','$2y$10$ECnkC0jc6rosj.8KtSsyueg24gNPK0sI6mWlOLnpKQzCy.usC8Xie',NULL,NULL,NULL,'2022-08-09 14:25:22'),(194,'Phạm Đức Trung','695105127','tphamduc321@gmail.com',5,NULL,'K69',NULL,NULL,NULL,'2022-08-06 06:56:05','$2y$10$aWTDq9byfANAN5tlEou2c.SA8orgu7t1bzDiMg8dp/KnxtbHxKqY.',NULL,NULL,NULL,'2022-08-06 06:56:05'),(195,'Nguyễn Trung Anh','695105008','trunganh669911@gmail.com',5,NULL,'K69',NULL,NULL,NULL,'2022-08-06 09:14:37','$2y$10$pyqJQkujWVOOWGMwLt3Q2.pRKVVRmXzzT54016rU0UY.9OafBzdvG',NULL,NULL,NULL,'2022-08-06 09:14:37'),(196,'Trương Thị Thúy','695105118','chuotchui0307@gmail.com',5,NULL,'K69',NULL,NULL,NULL,'2022-08-10 10:47:40','$2y$10$hfi.XKE5Y7Yq/5LwoS5S9O3aH6BihbqA5v/7Y2pDeaSXlKIaRqXq.',NULL,NULL,NULL,'2022-08-10 10:47:40'),(197,'Ngô Thị Trà Giang','695105032','ngothitragiang0@gmail.com',5,NULL,'K69',NULL,NULL,NULL,'2022-08-10 05:28:06','$2y$10$1vTnQneodtFiIlDQqooAI.gVxIMIhZTPcyoMKYh99egHOGfudS6mS',NULL,NULL,NULL,'2022-08-10 05:28:06'),(198,'Đoàn Thị Lan Anh','695105004','doanthilananh001@gmail.com',5,NULL,'K69',NULL,NULL,NULL,NULL,'$2a$10$vqBYXBH7rJ6fZVVsRTMpKewcuaL.IIzO0aFpC7UC49BxPAk7bCRvu',NULL,NULL,NULL,NULL),(199,'Vũ Thị Hiện','695105041','vuhien010930@gmail.com',5,NULL,'K69',NULL,NULL,NULL,'2022-08-06 06:36:28','$2y$10$jFJ8TvWlDqzq6bHZ2QiYIuRsmD0u1DIJkit/6wH91Ci7Np8HKeyJe',NULL,NULL,NULL,'2022-08-06 06:36:28'),(200,'Trần Ngọc Giang','695105034','tranngocgiang1350@gmail.com',5,NULL,'K69',NULL,NULL,NULL,'2022-08-07 15:49:57','$2y$10$3D7g1LNuE7rh/E/D2nr.AObT5aUE8JNo3ZVBgUy9rc1laR6hM0FfG',NULL,NULL,NULL,'2022-08-07 15:49:57'),(201,'Nguyễn Hà My','695105088','nguyenhamy120901@gmail.com',5,NULL,'K69',NULL,NULL,NULL,'2022-08-06 07:53:38','$2y$10$uTXcxGHrlKWYsbTeMibGCedAvVD58m0p9R77exQdjIvsISwGvTgjS',NULL,NULL,NULL,'2022-08-06 07:53:38'),(202,'Hà Tùng Bách','695105011','bachha2801@gmail.com',5,NULL,'K69',NULL,NULL,NULL,NULL,'$2a$10$JGgddlWkqDKkU3idbc9qVuTEQrKASQreSAE7jMQ323XOjs0I3cH6m',NULL,NULL,NULL,NULL),(203,'Lê Thị Khánh Ly','695105081','lyly.qx1@gmail.com',5,NULL,'K69',NULL,NULL,NULL,'2022-08-06 06:40:04','$2y$10$9xxGLjiRlcjKRVmtPxaNf.x9ESaRgnNw9/maBcBnSv3ADR/2zanc6',NULL,NULL,NULL,'2022-08-06 06:40:04'),(204,'Nguyễn Khắc Hiệp','695105042','hiepga1400@gmail.com',5,NULL,'K69',NULL,NULL,NULL,'2022-08-03 11:13:47','$2a$10$fWu/H3I8GYqRwXF4TRp/wOYsHjC5yrl.9QWoCZooGVHraW2Dx6E4C',NULL,NULL,NULL,'2022-08-03 11:13:47'),(205,'Nguyễn Huy Hoàng','695105050','huyhoang9a.bk@gmail.com',5,NULL,'K69',NULL,NULL,NULL,'2022-08-06 13:42:36','$2a$10$qDomjmx4MuJvOHsILtLbjeEaRJn30DkVrUnm4CoR13R6a21o7aVU6',NULL,NULL,NULL,'2022-08-06 13:42:36'),(206,'Nguyễn Trọng Khánh','695105064','nguyenphiikhanh@gmail.com',5,NULL,'K69',NULL,NULL,NULL,'2022-08-08 01:48:47','$2y$10$3tBusDrKfVIWfPSYBh.xJeVBVA0Z11JTjzR8lnG0BS0wAoP4yCmQu',NULL,NULL,NULL,'2022-08-08 01:48:47'),(207,'Nguyễn Văn Huy','695105060','huyn86694@gmail.com',5,NULL,'K69',NULL,NULL,NULL,'2022-08-06 07:00:02','$2a$10$OLhZX2R3oD16NPBZGOgvUubFGFOZC.AbjsmDABJcsWEKXWdABPFdm',NULL,NULL,NULL,'2022-08-06 07:00:02'),(210,'ThS. Nguyễn Minh Quang','quangnm','quangnm@gmail.com',4,'0123456789',NULL,NULL,NULL,NULL,NULL,'$2y$12$GcKySLnA268yjdN3SwmK2.1oZbsBeXjp3zah3iEO0LR6UrqfLtvku',NULL,NULL,NULL,NULL),(211,'TS. Hoàng Tiểu Bình','binhht','binhht@gmail.com',4,'0123456789',NULL,NULL,NULL,NULL,NULL,'$2y$12$GcKySLnA268yjdN3SwmK2.1oZbsBeXjp3zah3iEO0LR6UrqfLtvku',NULL,NULL,NULL,NULL),(212,'TS. Trần Cường','trancuong','trancuong@gmail.com',4,'0123456789',NULL,NULL,NULL,NULL,NULL,'$2y$12$GcKySLnA268yjdN3SwmK2.1oZbsBeXjp3zah3iEO0LR6UrqfLtvku',NULL,NULL,NULL,NULL),(213,'TS. Nguyễn Phương\r\nChi','chinp','chinp@gmail.com',4,'0123456789',NULL,NULL,NULL,NULL,'2022-08-05 00:44:55','$2y$10$dHcGjRvEOB8UGyrjtq3pbeqGq4NmJGEyguvan0jEAnn4.bsd9hDYm',NULL,NULL,NULL,'2022-08-05 00:44:55'),(214,'ThS. Nguyễn Thị Hồng A','hongnta','hongnta@gmail.com',4,'0123456789',NULL,NULL,NULL,NULL,NULL,'$2y$12$GcKySLnA268yjdN3SwmK2.1oZbsBeXjp3zah3iEO0LR6UrqfLtvku',NULL,NULL,NULL,NULL),(215,'ThS Hoàng Văn Đông','donghv','donghv@gmail.com',4,NULL,NULL,NULL,NULL,NULL,NULL,'$2y$12$GcKySLnA268yjdN3SwmK2.1oZbsBeXjp3zah3iEO0LR6UrqfLtvku',NULL,NULL,NULL,NULL),(216,'ThS. Trần Hải Long','longth','longth@hnue.edu.vn',4,'0966736098',NULL,NULL,NULL,NULL,'2023-07-21 03:04:29','$2y$10$hF1eN3YH3pu1qQ7CVjybbOjfTNheqlIEJa.1k4WWr4OCphKv.9yS6',NULL,NULL,NULL,'2023-07-21 03:04:29'),(217,'TS. Hoàng Thị Mai','maiht','maiht@gmail.com',4,'0123456',NULL,NULL,NULL,NULL,NULL,'$2y$10$zSCZtZv23ZkqRpVZn3D92.j3ItyXBxq0E2g5R7SeXNQ3wCziaYcfi',NULL,NULL,NULL,NULL),(253,'Bùi Thị Hà','705105025','buiha.151020@gmail.com',5,'0982267655','K70',NULL,NULL,NULL,NULL,'$2a$10$xOHIisMbvpFPKnBO0GOLD.qnujcsQcGwtuIUG.dX1//IzNW1emvcK',NULL,NULL,NULL,NULL),(254,'Tống Kim Trung','705105131','tongkimtrung301101@gmail.com',5,'0987057271','K70',NULL,NULL,NULL,NULL,'$2a$10$xOHIisMbvpFPKnBO0GOLD.qnujcsQcGwtuIUG.dX1//IzNW1emvcK',NULL,NULL,NULL,NULL),(255,'Đỗ Nguyên Phương','705105089','dophuong211002@gmail.com',5,'0981035143','K70',NULL,NULL,NULL,NULL,'$2a$10$xOHIisMbvpFPKnBO0GOLD.qnujcsQcGwtuIUG.dX1//IzNW1emvcK',NULL,NULL,NULL,NULL),(256,'Nguyễn Văn Thắng','705105112','native010202@gmail.com',5,'0386326201','K70',NULL,NULL,NULL,NULL,'$2a$10$xOHIisMbvpFPKnBO0GOLD.qnujcsQcGwtuIUG.dX1//IzNW1emvcK',NULL,NULL,NULL,NULL),(257,'Trần Quốc Tuấn','705105137','quoctuan19032k@gmail.com',5,'0858126801','K70',NULL,NULL,NULL,NULL,'$2a$10$xOHIisMbvpFPKnBO0GOLD.qnujcsQcGwtuIUG.dX1//IzNW1emvcK',NULL,NULL,NULL,NULL),(258,'Nguyễn Bằng Đô','705105019','Nguyenbangdoshome@gmail.com',5,'0971454736','K70',NULL,NULL,NULL,NULL,'$2a$10$xOHIisMbvpFPKnBO0GOLD.qnujcsQcGwtuIUG.dX1//IzNW1emvcK',NULL,NULL,NULL,NULL),(259,'Lê Quý Khang An','705105001','lequykhangan@gmail.com',5,'0582303016','K70',NULL,NULL,NULL,NULL,'$2a$10$xOHIisMbvpFPKnBO0GOLD.qnujcsQcGwtuIUG.dX1//IzNW1emvcK',NULL,NULL,NULL,NULL),(260,'Nguyễn Ngọc Tiệp','705105120','ngoctiep.g@gmail.com',5,'0325920529','K70',NULL,NULL,NULL,NULL,'$2a$10$xOHIisMbvpFPKnBO0GOLD.qnujcsQcGwtuIUG.dX1//IzNW1emvcK',NULL,NULL,NULL,NULL),(261,'Bùi Quang Vinh','705102031','vinhbq2001@gmail.com',5,'0397026573','K70',NULL,NULL,NULL,NULL,'$2a$10$xOHIisMbvpFPKnBO0GOLD.qnujcsQcGwtuIUG.dX1//IzNW1emvcK',NULL,NULL,NULL,NULL),(262,'Lê Quang Hiếu','705102009','lequanghieu2002@gmail.com',5,'0862331711','K70',NULL,NULL,NULL,NULL,'$2a$10$xOHIisMbvpFPKnBO0GOLD.qnujcsQcGwtuIUG.dX1//IzNW1emvcK',NULL,NULL,NULL,NULL),(263,'Trần Thị Thảo Vân','705102026','thaovan.140902@gmail.com',5,'0838567176','K70',NULL,NULL,NULL,NULL,'$2a$10$xOHIisMbvpFPKnBO0GOLD.qnujcsQcGwtuIUG.dX1//IzNW1emvcK',NULL,NULL,NULL,NULL),(264,'Nguyễn Thu Hà','705102007','nguyenthuhasapa1503@gmail.com',5,'0985781446','K70',NULL,NULL,NULL,NULL,'$2a$10$xOHIisMbvpFPKnBO0GOLD.qnujcsQcGwtuIUG.dX1//IzNW1emvcK',NULL,NULL,NULL,NULL),(265,'Trần Gia Bảo','705112006','baotran1109.hnue@gmail.com',5,'0374448511','K70',NULL,NULL,NULL,NULL,'$2a$10$xOHIisMbvpFPKnBO0GOLD.qnujcsQcGwtuIUG.dX1//IzNW1emvcK',NULL,NULL,NULL,NULL),(266,'Nguyễn Tiến Đạt','705112008','datlcpro@gmail.com',5,'0919451601','K70',NULL,NULL,NULL,NULL,'$2a$10$xOHIisMbvpFPKnBO0GOLD.qnujcsQcGwtuIUG.dX1//IzNW1emvcK',NULL,NULL,NULL,NULL),(267,'Trần Nhật Giang','705112010','giangtrann14@gmail.com',5,'0339178788','K70',NULL,NULL,NULL,NULL,'$2a$10$xOHIisMbvpFPKnBO0GOLD.qnujcsQcGwtuIUG.dX1//IzNW1emvcK',NULL,NULL,NULL,NULL),(268,'Bạch Đức Anh','705112001','bachducanh.jr@gmail.com',5,'0862154795','K70',NULL,NULL,NULL,NULL,'$2a$10$xOHIisMbvpFPKnBO0GOLD.qnujcsQcGwtuIUG.dX1//IzNW1emvcK',NULL,NULL,NULL,NULL);
/*!40000 ALTER TABLE `users` ENABLE KEYS */;
UNLOCK TABLES;

--
-- Dumping events for database 'thesis'
--

--
-- Dumping routines for database 'thesis'
--
/*!40103 SET TIME_ZONE=@OLD_TIME_ZONE */;

/*!40101 SET SQL_MODE=@OLD_SQL_MODE */;
/*!40014 SET FOREIGN_KEY_CHECKS=@OLD_FOREIGN_KEY_CHECKS */;
/*!40014 SET UNIQUE_CHECKS=@OLD_UNIQUE_CHECKS */;
/*!40101 SET CHARACTER_SET_CLIENT=@OLD_CHARACTER_SET_CLIENT */;
/*!40101 SET CHARACTER_SET_RESULTS=@OLD_CHARACTER_SET_RESULTS */;
/*!40101 SET COLLATION_CONNECTION=@OLD_COLLATION_CONNECTION */;
/*!40111 SET SQL_NOTES=@OLD_SQL_NOTES */;

-- Dump completed on 2023-09-05 21:43:14
